date,open,high,low,close,volume,Name,
08-07-2017,40.31,41.45,40.145,41.12,5104550,Cardano,08-05-2017
11-07-2017,40.99,41.05,40.534,40.64,2333717,Cardano,
12-07-2017,40.55,41.13,40.12,40.89,3279429,Cardano,
13-07-2017,40.9,41.15,40.67,40.81,2490941,Cardano,
14-07-2017,40.7,40.92,40.301,40.61,4929650,Cardano,
15-07-2017,40.51,40.76,40.38,40.635,2367885,Cardano,
19-07-2017,40.58,41,40.52,40.995,2056490,Cardano,
20-07-2017,41.04,41.28,40.75,40.77,3129583,Cardano,
21-07-2017,40.82,40.82,40.3,40.34,2872618,Cardano,
22-07-2017,40.54,40.87,40.37,40.55,2835486,Cardano,
25-07-2017,40.66,41.085,40.1,40.11,2738647,Cardano,
26-07-2017,40.14,40.66,40.09,40.59,2924955,Cardano,
27-07-2017,40.32,41.75,40.1,41.6,5285252,Cardano,
28-07-2017,41.54,41.935,41.29,41.31,3637601,Cardano,
01-08-2017,41.3,41.88,40.96,41.83,2328204,Cardano,
04-08-2017,41.74,42.47,41.45,42.46,2423528,Cardano,
05-08-2017,42.76,43.49,42.68,43.46,4236517,Cardano,
06-08-2017,43.47,43.77,43.13,43.29,2835530,Cardano,
07-08-2017,43.4,43.59,43.2,43.5,2678449,Cardano,
08-08-2017,43.75,43.91,43.32,43.5,3330213,Cardano,
11-08-2017,43.12,43.54,42.96,43.48,4632359,Cardano,
12-08-2017,43.53,43.53,43.1521,43.4,3454749,Cardano,
13-08-2017,43.5,43.81,43.3,43.59,2892459,Cardano,
14-08-2017,43.82,43.93,43.44,43.62,2762861,Cardano,
15-08-2017,43.45,43.79,43.32,43.38,5424164,Cardano,
18-08-2017,43.08,43.48,42.21,43.06,3311234,Cardano,
19-08-2017,43.1,43.37,42.49,42.75,4715661,Cardano,
20-08-2017,44.7,45.23,43.995,44.46,10733247,Cardano,
21-08-2017,43.99,44.63,43.9,44.18,5659359,Cardano,
22-08-2017,44.17,45.23,44.11,44.97,5595194,Cardano,
25-08-2017,44.9,45.42,44.41,44.49,5221565,Cardano,
26-08-2017,44.66,44.95,44.4565,44.75,2125371,Cardano,
27-08-2017,44.6,44.885,44.38,44.66,1706936,Cardano,
28-08-2017,44.54,45.59,44.42,45.515,4075190,Cardano,
01-09-2017,45.36,45.78,45.23,45.38,3397909,Cardano,
02-09-2017,45.5,45.89,45.36,45.845,3371522,Cardano,
03-09-2017,45.78,45.84,45.491,45.7,5043014,Cardano,
04-09-2017,45.74,46.25,45.44,46.21,5109829,Cardano,
05-09-2017,45.42,45.86,45.21,45.38,4307724,Cardano,
08-09-2017,45.27,45.8,45.135,45.79,2814042,Cardano,
09-09-2017,45.71,46.26,45.34,46.17,2529310,Cardano,
10-09-2017,46.42,47.4,46.33,46.7,5795407,Cardano,
11-09-2017,47.04,47.53,46.8,47.21,5896269,Cardano,
12-09-2017,47.15,47.16,46.74,47.03,2817677,Cardano,
15-09-2017,46.81,47.46,46.59,46.6,3552657,Cardano,
16-09-2017,46.77,47.35,46.77,47.28,2226464,Cardano,
17-09-2017,46.86,47.17,46.51,46.9,3421163,Cardano,
18-09-2017,47.18,47.2,46.34,46.46,2995900,Cardano,
19-09-2017,46.6,46.81,46.31,46.74,2746893,Cardano,
22-09-2017,47,47.2,46.33,46.53,2026329,Cardano,
23-09-2017,46.84,47.36,46.44,46.87,2163727,Cardano,
24-09-2017,46.91,47.05,46.52,46.67,2223460,Cardano,
25-09-2017,46.75,47.205,46.56,47.05,2131891,Cardano,
26-09-2017,46.84,47.18,46.78,46.91,2300073,Cardano,
29-09-2017,46.89,47.59,46.82,47.06,3553112,Cardano,
30-09-2017,46.76,47.15,46.55,47.08,4313158,Cardano,
01-10-2017,47.14,47.73,46.61,46.71,3817584,Cardano,
02-10-2017,46.65,47.88,46.63,47.69,2738435,Cardano,
03-10-2017,48,49.17,47.82,49.01,4226411,Cardano,
06-10-2017,49,49.14,48.48,48.49,3078203,Cardano,
07-10-2017,48.46,48.68,47.29,47.602,6862936,Cardano,
08-10-2017,47.51,47.64,47.1601,47.32,3318812,Cardano,
09-10-2017,47.22,47.25,45.47,45.97,9318682,Cardano,
10-10-2017,46.12,46.2,45.75,46.02,4571125,Cardano,
13-10-2017,45.98,46.008,45.49,45.61,2767940,Cardano,
14-10-2017,45.7,46.1,45.6001,46.04,4304928,Cardano,
15-10-2017,46.06,47.105,45.95,47.07,3645939,Cardano,
16-10-2017,46.96,47.34,46.48,46.56,2609089,Cardano,
17-10-2017,46.6,46.76,46.33,46.61,3688129,Cardano,
20-10-2017,46.55,46.675,46.15,46.29,1491073,Cardano,
21-10-2017,46.21,46.48,45.89,46.02,1828192,Cardano,
22-10-2017,46.12,46.31,44.95,45.17,3026375,Cardano,
23-10-2017,44.66,45.14,44.57,44.77,3339698,Cardano,
24-10-2017,44.32,44.53,43.91,44.43,3766136,Cardano,
28-10-2017,44.78,45.13,44.65,44.91,2655902,Cardano,
29-10-2017,44.75,44.87,44.3901,44.6,3280902,Cardano,
30-10-2017,44.65,45.385,44.5,45.19,2755452,Cardano,
31-10-2017,44.92,45.55,44.66,44.91,3132989,Cardano,
03-11-2017,44.98,45.48,44.76,45.46,2884757,Cardano,
04-11-2017,45.67,46.8,45.53,46.39,5249275,Cardano,
05-11-2017,46.39,46.58,45.81,45.84,3385508,Cardano,
06-11-2017,45.84,46.05,45.255,45.57,3760846,Cardano,
07-11-2017,45.86,46.41,45.66,46.12,2895231,Cardano,
10-11-2017,46.3,46.335,45.84,46.09,1833878,Cardano,
11-11-2017,45.6,45.85,45.1,45.12,2487074,Cardano,
12-11-2017,45.31,45.46,44.61,44.72,2124420,Cardano,
13-11-2017,44.74,45.36,44.39,45.3,2002344,Cardano,
14-11-2017,45.33,45.57,44.7,44.84,2320080,Cardano,
17-11-2017,45.22,45.76,44.975,45.39,2677075,Cardano,
18-11-2017,45.55,46.2,45.215,45.36,5383084,Cardano,
19-11-2017,48.43,48.44,47.35,47.78,12565590,Cardano,
20-11-2017,47.28,47.29,46.45,46.895,5488609,Cardano,
21-11-2017,46.92,47,46.23,46.77,6294696,Cardano,
24-11-2017,46.34,46.6,45.37,45.6,4492832,Cardano,
25-11-2017,46.04,46.435,45.46,46.37,3366289,Cardano,
26-11-2017,46.95,47.915,46.895,47.68,5356327,Cardano,
27-11-2017,47.9,48.265,47.59,47.93,2916451,Cardano,
28-11-2017,47.99,47.99,47.39,47.56,4052517,Cardano,
01-12-2017,47.23,49.19,46.88,48.235,6341163,Cardano,
02-12-2017,48,48.48,47.725,48.03,3025054,Cardano,
03-12-2017,47.71,48.82,47.66,48.42,1601488,Cardano,
05-12-2017,48.69,49.1,48.55,49,1614568,Cardano,
08-12-2017,49.03,49.49,48.44,48.625,2813081,Cardano,
09-12-2017,48.76,49.31,48.73,49.26,2578620,Cardano,
10-12-2017,49.09,49.33,48.64,49.25,2684642,Cardano,
11-12-2017,49.62,50,49.5,49.99,3293497,Cardano,
12-12-2017,50.35,50.63,50.08,50.39,4135702,Cardano,
15-12-2017,50.25,50.455,50.095,50.12,2122711,Cardano,
16-12-2017,50.05,50.13,49.36,49.485,2473023,Cardano,
17-12-2017,50.17,50.4,49.78,50.04,3135782,Cardano,
18-12-2017,50.04,50.52,50.005,50.19,2641471,Cardano,
19-12-2017,50.26,50.47,49.93,50.07,2763975,Cardano,
22-12-2017,50.52,50.52,49.92,50.28,1782817,Cardano,
23-12-2017,50.35,50.45,49.95,50.07,1708533,Cardano,
24-12-2017,50.38,50.58,49.65,49.8,2407387,Cardano,
25-12-2017,49.8,49.96,49.4525,49.79,2242309,Cardano,
26-12-2017,49.77,49.8571,49.4,49.64,2917984,Cardano,
29-12-2017,49.51,49.775,49.1101,49.17,2352446,Cardano,
30-12-2017,49.19,49.5,49.115,49.36,2757997,Cardano,
31-12-2017,49.5,49.71,49.18,49.28,3813468,Cardano,
01-01-2018,49.62,49.82,49.41,49.7,3497593,Cardano,
02-01-2018,49.38,49.82,49.125,49.45,3735295,Cardano,
05-01-2018,49.45,49.84,49.3501,49.63,2172217,Cardano,
06-01-2018,49.55,49.8499,49.37,49.39,1642802,Cardano,
07-01-2018,49.17,49.48,48.83,49.1,2397746,Cardano,
08-01-2018,49.32,49.66,49.03,49.51,2974480,Cardano,
09-01-2018,49.38,49.775,49.09,49.18,1891314,Cardano,
12-01-2018,48.87,49.33,48.85,49.2,1807942,Cardano,
13-01-2018,49.37,49.41,48.92,49.14,1960261,Cardano,
14-01-2018,49.14,49.14,48.68,48.84,2115133,Cardano,
15-01-2018,48.37,48.39,47.705,47.87,2616807,Cardano,
16-01-2018,47.94,47.955,47.3,47.4,2829163,Cardano,
19-01-2018,47.44,47.52,46.8799,46.89,2185794,Cardano,
20-01-2018,46.77,47.45,46.7,47.07,2214434,Cardano,
21-01-2018,47.01,47.51,46.8,47.14,2515516,Cardano,
22-01-2018,47.1,47.71,47.09,47.68,1699631,Cardano,
23-01-2018,47.85,47.88,47.405,47.77,2410701,Cardano,
26-01-2018,48.25,48.61,48.01,48.06,2591776,Cardano,
27-01-2018,47.55,47.875,47.27,47.5,2227940,Cardano,
28-01-2018,47.58,47.915,47.49,47.53,1971478,Cardano,
29-01-2018,47.5,48.14,47.35,47.93,1738915,Cardano,
30-01-2018,47.88,48.11,47.57,47.75,2211508,Cardano,
03-02-2018,48.21,48.5655,47.7,47.88,1955495,Cardano,
04-02-2018,47.76,49.17,47.76,48.93,5402227,Cardano,
05-02-2018,48.88,49.34,48.68,48.731,2379834,Cardano,
06-02-2018,48.89,49.3,48.26,48.87,3140878,Cardano,
09-02-2018,49.11,49.27,48.99,49.25,1931663,Cardano,
10-02-2018,49.62,50.065,49.51,50.02,2831327,Cardano,
11-02-2018,50,50.33,49.945,50.2,2625129,Cardano,
12-02-2018,50.07,50.09,49.56,49.64,3024069,Cardano,
13-02-2018,49.66,49.96,49.64,49.76,2571577,Cardano,
16-02-2018,50.17,50.705,49.97,50.14,4498278,Cardano,
17-02-2018,50.19,50.49,49.92,50.14,6826899,Cardano,
18-02-2018,53.68,54.67,53.06,54.58,15268250,Cardano,
19-02-2018,54.05,54.395,53.575,53.869,7125622,Cardano,
20-02-2018,53.87,54.96,53.68,54.31,12323354,Cardano,
23-02-2018,54.07,54.47,53.615,53.8,3183410,Cardano,
24-02-2018,53.79,53.88,53.07,53.42,3077011,Cardano,
25-02-2018,53.48,54.08,53.42,53.87,4009403,Cardano,
26-02-2018,54,54.38,53.81,54.1,2902921,Cardano,
27-02-2018,53.71,54.48,53.65,54.03,2382019,Cardano,
02-03-2018,53.5,54.15,53.202,53.94,2748606,Cardano,
01-03-2018,54.1,54.48,53.84,54.43,3243274,Cardano,
02-03-2018,53.79,54.28,53.29,53.52,3691161,Cardano,
03-03-2018,53.61,53.65,52.54,52.88,3862196,Cardano,
04-03-2018,52.09,53.67,52.02,53.57,3880875,Cardano,
07-03-2018,53.05,53.34,52.79,52.82,2582676,Cardano,
08-03-2018,52.93,52.97,51.44,51.58,4963684,Cardano,
09-03-2018,51.62,51.87,50.87,51.45,4347383,Cardano,
10-03-2018,52.06,53.22,51.86,53.165,3740953,Cardano,
11-03-2018,52.82,54.22,52.82,54.19,3410475,Cardano,
14-03-2018,53.9,54.8279,53.72,54.63,4910006,Cardano,
15-03-2018,54.31,54.78,53.81,53.93,3658820,Cardano,
16-03-2018,53.54,54.58,53.54,53.91,3367667,Cardano,
17-03-2018,53.87,54.31,53.7,54.065,3776604,Cardano,
18-03-2018,54.15,54.78,54,54.63,4210153,Cardano,
21-03-2018,54.73,55.27,54.71,55.08,3739745,Cardano,
22-03-2018,55.47,55.57,54.99,55.17,4375838,Cardano,
23-03-2018,54.75,55.45,54.155,55.06,4386792,Cardano,
24-03-2018,55.06,56.58,55.05,56.21,5717187,Cardano,
25-03-2018,56.07,56.2,55.46,55.81,6186145,Cardano,
28-03-2018,55.91,56.37,55.59,55.93,3505013,Cardano,
29-03-2018,56,57.12,55.91,56.86,5148296,Cardano,
30-03-2018,56.87,57.07,55.69,56.1,3482491,Cardano,
31-03-2018,56.01,56.56,55.9,56.22,3509471,Cardano,
01-04-2018,56.61,56.675,56.14,56.61,2719988,Cardano,
04-04-2018,57.01,57.42,56.66,57.39,3433606,Cardano,
05-04-2018,57.24,57.28,56.67,56.79,3616611,Cardano,
06-04-2018,56.9,57.105,56.54,56.88,3286060,Cardano,
07-04-2018,57.05,57.17,55.1,55.168,5526691,Cardano,
08-04-2018,55.42,56.93,55.33,56.84,5940952,Cardano,
11-04-2018,56.85,58.18,56.49,58.18,4221798,Cardano,
12-04-2018,57.84,58.34,57.6,58.24,2929240,Cardano,
13-04-2018,57.59,59.59,57.59,59.55,5170760,Cardano,
14-04-2018,59.56,59.99,58.91,59.17,4571887,Cardano,
15-04-2018,59.54,59.59,58.78,59.35,2909908,Cardano,
18-04-2018,59.45,59.49,58.4,58.6,3173563,Cardano,
19-04-2018,58.73,58.73,57.65,57.77,3405015,Cardano,
20-04-2018,57.98,58.32,57.8,57.94,2931264,Cardano,
21-04-2018,58.28,58.59,57.86,58.23,2461192,Cardano,
22-04-2018,58.26,58.5,57.89,58.41,2890759,Cardano,
25-04-2018,58.62,59.18,58.5,58.95,2986384,Cardano,
26-04-2018,58.87,58.89,58.2,58.7,2840975,Cardano,
27-04-2018,58.85,59.03,58.68,58.91,2134016,Cardano,
29-04-2018,59.12,59.15,58.6225,58.78,965243,Cardano,
02-05-2018,58.74,59.03,58.61,58.76,1950759,Cardano,
03-05-2018,58.63,59.06,58.39,58.4,4129536,Cardano,
04-05-2018,58.19,58.43,57.42,58.05,3663519,Cardano,
05-05-2018,57.63,57.75,56.47,57.04,7792712,Cardano,
06-05-2018,57.99,58.1,57.5502,57.6,3334375,Cardano,
09-05-2018,57.94,58.05,57.24,57.44,3397891,Cardano,
10-05-2018,57.38,57.39,56.65,57.32,3787269,Cardano,
11-05-2018,57.25,57.595,56.575,56.64,3990036,Cardano,
12-05-2018,56.44,56.9399,55.9301,55.99,6248171,Cardano,
13-05-2018,60.06,63.09,60,62.89,15848126,Cardano,
16-05-2018,62.63,62.88,60.395,60.5,8786003,Cardano,
17-05-2018,60.5,60.88,59.54,59.67,6361398,Cardano,
18-05-2018,59.58,61.07,59.02,61.04,4975489,Cardano,
19-05-2018,60.73,60.9845,60.07,60.13,3310535,Cardano,
20-05-2018,60.42,61.55,60.22,61.26,5363180,Cardano,
23-05-2018,61.74,61.89,61.12,61.47,1950203,Cardano,
24-05-2018,61.58,61.78,61.22,61.53,846689,Cardano,
26-05-2018,61.53,61.99,61.48,61.58,1026509,Cardano,
27-05-2018,61.73,61.99,61.28,61.51,1267026,Cardano,
30-05-2018,61.67,61.8,61.24,61.55,1329130,Cardano,
31-05-2018,61.6,61.915,61.56,61.879,1391271,Cardano,
02-06-2018,61.06,61.53,60.94,61.29,2746375,Cardano,
03-06-2018,61.19,61.685,61.11,61.16,1588956,Cardano,
06-06-2018,60.06,60.77,60.01,60.12,3753919,Cardano,
07-06-2018,60.26,61.05,60.06,60.97,2963613,Cardano,
08-06-2018,61.12,61.28,60.46,60.9,3455961,Cardano,
09-06-2018,60.99,61.53,60.72,61.09,2427435,Cardano,
10-06-2018,61.35,61.63,60.95,61.53,1829070,Cardano,
13-06-2018,61.28,61.44,60.41,60.6,2928753,Cardano,
14-06-2018,60.68,62.53,60.63,62.37,4180056,Cardano,
15-06-2018,62.44,63.81,62.4,63.68,4220341,Cardano,
16-06-2018,63.59,63.98,63.26,63.63,3747784,Cardano,
17-06-2018,63.02,63.5999,62.8,63.37,3314525,Cardano,
21-06-2018,63.5,63.79,62.7,62.85,3198698,Cardano,
22-06-2018,62.93,63.81,62.7,63.77,3593988,Cardano,
23-06-2018,63.18,63.43,62.32,62.88,2671278,Cardano,
24-06-2018,62.3,62.44,61.09,61.09,2920082,Cardano,
27-06-2018,60.11,60.88,59.86,60.36,5257963,Cardano,
28-06-2018,59.98,61.46,59.88,61.11,3529460,Cardano,
29-06-2018,60.61,61.18,60.17,60.46,3585394,Cardano,
30-06-2018,61.12,61.9,61.02,61.39,2768352,Cardano,
01-07-2018,60.15,61.54,60.09,61.19,3112876,Cardano,
03-07-2018,61.08,61.255,59.32,60.09,6649089,Cardano,
04-07-2018,60.48,61.74,59.65,61.72,3593178,Cardano,
05-07-2018,61.54,63.02,61.271,63,5122624,Cardano,
06-07-2018,62.7,63.65,62.65,63.34,2898240,Cardano,
07-07-2018,63.58,65.24,63.3,64.88,4823765,Cardano,
10-07-2018,64.73,65.801,64.52,65.78,2833413,Cardano,
11-07-2018,66.48,66.88,65.66,65.97,4648169,Cardano,
12-07-2018,66.21,67.15,66.09,67.14,3137837,Cardano,
13-07-2018,66.84,69.11,66.83,69.04,3606880,Cardano,
14-07-2018,69.48,70.485,69,70.34,6234523,Cardano,
18-07-2018,70.62,71.1,70,70.66,3757944,Cardano,
19-07-2018,70.45,71.43,69.675,69.99,3996759,Cardano,
20-07-2018,70.19,70.66,69.7,70.48,3162172,Cardano,
21-07-2018,69.82,70.44,69.55,70.22,3610163,Cardano,
24-07-2018,70.54,71.28,70,70.765,2811710,Cardano,
25-07-2018,70.71,70.76,69.63,70.01,3574501,Cardano,
26-07-2018,69.73,70.95,69.65,69.82,3068171,Cardano,
27-07-2018,69.9,72.075,69.82,71.92,4724508,Cardano,
28-07-2018,72.25,73.11,69.83,70.63,5728696,Cardano,
03-08-2018,70.06,70.15,69.14,69.86,3394955,Cardano,
04-08-2018,70.6,71.04,70.5,70.6,5427907,Cardano,
05-08-2018,70.79,71.03,70.52,70.9,3070146,Cardano,
06-08-2018,71.14,71.42,70.85,70.92,3059172,Cardano,
07-08-2018,71.21,71.31,69.97,70.52,2500318,Cardano,
10-08-2018,70.68,70.68,69.31,70.04,3032834,Cardano,
11-08-2018,70.19,70.6,69.25,69.47,3344982,Cardano,
12-08-2018,69.06,70.1,68.75,70.06,2433608,Cardano,
13-08-2018,70.48,70.83,68.625,69.08,2870937,Cardano,
14-08-2018,69.7,69.7,68.87,69.19,3006698,Cardano,
17-08-2018,69.89,71.35,69.7301,70.17,3933641,Cardano,
18-08-2018,69.66,72.24,69.52,70.52,11438545,Cardano,
19-08-2018,71.01,71.01,68.15,69.63,7683094,Cardano,
20-08-2018,69.55,71.08,69.44,70.49,5280234,Cardano,
21-08-2018,71.06,71.06,68.91,69.14,5477188,Cardano,
24-08-2018,69.22,69.4768,66.77,67.24,5905660,Cardano,
25-08-2018,67.75,68.735,67.06,67.81,4245513,Cardano,
26-08-2018,68.1,68.39,65.88,65.9,4714006,Cardano,
27-08-2018,65.6,67.16,65.05,66.53,5556660,Cardano,
28-08-2018,66.71,67.605,66.15,66.88,4019779,Cardano,
31-08-2018,66.87,67.95,66.62,67.74,3213899,Cardano,
01-09-2018,67.9,68.215,67.44,67.93,3398433,Cardano,
02-09-2018,68.07,68.31,67.12,67.48,2587048,Cardano,
03-09-2018,67.5,67.5,64.17,64.45,6984497,Cardano,
04-09-2018,64.92,64.92,63.1,63.32,6157475,Cardano,
07-09-2018,63.2,63.2,61.63,62.47,6271142,Cardano,
08-09-2018,62.53,64.25,62.11,63.82,6710000,Cardano,
09-09-2018,64,65.6904,63.555,65.46,6427394,Cardano,
10-09-2018,65.05,65.45,63.27,63.49,5648695,Cardano,
11-09-2018,62.89,63.75,62.022,62.5,5930692,Cardano,
14-09-2018,63.18,63.66,62.55,63.39,3234018,Cardano,
15-09-2018,63.5,64.2925,62.5,64.105,3598624,Cardano,
16-09-2018,64.27,65.14,64.25,65.04,3370608,Cardano,
17-09-2018,64.96,66.23,64.53,66.04,3746024,Cardano,
21-09-2018,66,66.46,65.56,66.3,2077309,Cardano,
22-09-2018,66.06,66.74,65.76,66.48,3854883,Cardano,
23-09-2018,66.23,66.58,65.78,66.39,2863702,Cardano,
24-09-2018,66.89,67,64.93,65.22,3961248,Cardano,
25-09-2018,64.92,65.03,63.56,63.61,4288461,Cardano,
28-09-2018,63.84,64.17,61.62,62.4,4375794,Cardano,
29-09-2018,62.57,62.93,61.905,62.91,3531630,Cardano,
30-09-2018,62.87,63.8,62.63,63.69,3722073,Cardano,
01-10-2018,63.69,65.1045,63.31,64.59,2839299,Cardano,
02-10-2018,64.86,64.97,63.53,63.56,2365351,Cardano,
05-10-2018,63.2,63.98,62.88,63.44,2070177,Cardano,
06-10-2018,63.15,63.35,61.34,61.44,3913165,Cardano,
07-10-2018,61.56,61.68,59.15,60.63,7061087,Cardano,
08-10-2018,60.34,62.61,59.901,61.08,3824954,Cardano,
09-10-2018,61.14,61.61,60.1675,61.59,3607881,Cardano,
12-10-2018,61.77,63.045,61.74,62.7,2863618,Cardano,
13-10-2018,62.81,62.97,62.14,62.81,2938426,Cardano,
14-10-2018,61.95,63.35,61.95,62.88,2497815,Cardano,
15-10-2018,62.71,62.95,61.56,62.2,5699232,Cardano,
16-10-2018,62.65,63.69,61.93,63.64,3651246,Cardano,
19-10-2018,63.27,64.84,63.26,64.2,2817647,Cardano,
20-10-2018,64.12,64.45,63.42,63.71,1865349,Cardano,
21-10-2018,63.73,64.66,63.53,64.47,1414114,Cardano,
22-10-2018,64.29,65.46,63.911,65.15,1814669,Cardano,
23-10-2018,65.33,66.48,64.84,66.3,2281921,Cardano,
27-10-2018,66.64,67.485,66.61,67.25,2156594,Cardano,
28-10-2018,67.43,67.48,66.79,66.84,2198359,Cardano,
29-10-2018,66.93,67.82,66.9262,67.45,2060969,Cardano,
30-10-2018,67.75,67.75,66.17,66.54,2444144,Cardano,
02-11-2018,66.54,67.04,65.68,66.64,1427746,Cardano,
03-11-2018,66.19,66.46,65.49,66.09,3010171,Cardano,
04-11-2018,66.1,66.73,65.62,66.17,2675602,Cardano,
05-11-2018,66.3,67.619,65.925,67.47,2041865,Cardano,
06-11-2018,67.99,69.32,67.69,68.91,3630242,Cardano,
09-11-2018,68.7,69.38,68.59,68.93,1339833,Cardano,
10-11-2018,68.69,69.1899,68.46,68.96,1568268,Cardano,
11-11-2018,68.9,69.5,68.66,69.46,1607905,Cardano,
12-11-2018,69.23,69.46,68.28,68.56,1940117,Cardano,
13-11-2018,68.7,68.95,68.25,68.82,2981075,Cardano,
16-11-2018,68.8,69.79,68.52,69.62,4370389,Cardano,
17-11-2018,69.36,70,68.86,69.54,6654147,Cardano,
18-11-2018,75.82,76.69,74.1,75.08,11379273,Cardano,
19-11-2018,75.17,75.57,74.2401,74.95,4413451,Cardano,
20-11-2018,75.04,75.15,74.545,74.61,3904725,Cardano,
23-11-2018,74.74,75.16,74.29,74.89,2354496,Cardano,
24-11-2018,74.95,75.28,74.175,74.38,2948634,Cardano,
25-11-2018,74.27,74.7599,74.12,74.44,2218853,Cardano,
26-11-2018,74.44,74.9,74.175,74.85,2075404,Cardano,
27-11-2018,74.62,74.765,73.76,74,7315474,Cardano,
30-11-2018,74.43,74.74,73.955,74.36,2771278,Cardano,
01-12-2018,74.09,75.99,73.8,75.01,4718439,Cardano,
02-12-2018,74.65,75.24,74.6,74.76,2682091,Cardano,
03-12-2018,74.95,75.71,74.68,75.57,1396081,Cardano,
07-12-2018,75.07,75.42,74.577,74.68,1768277,Cardano,
08-12-2018,74.59,74.87,72.87,73.14,2789121,Cardano,
09-12-2018,73.11,73.97,73.11,73.57,1749494,Cardano,
10-12-2018,72.46,74.08,72.31,73.7,1853162,Cardano,
11-12-2018,73.73,74.44,73.05,74.26,1930585,Cardano,
14-12-2018,74.55,75.26,74.46,74.88,1862549,Cardano,
15-12-2018,74.8,75.11,73.87,74.29,2752674,Cardano,
16-12-2018,74.55,74.87,74.19,74.38,1512644,Cardano,
17-12-2018,74.11,74.47,73.31,73.39,2032442,Cardano,
18-12-2018,73.9,74.5799,73.35,74.55,2856857,Cardano,
21-12-2018,74.5,74.65,73.7,73.96,1906074,Cardano,
22-12-2018,74.13,74.83,73.91,74.26,1769536,Cardano,
23-12-2018,74.34,74.5499,73.48,74.04,1873795,Cardano,
24-12-2018,74.3,74.9,74.2,74.795,2414076,Cardano,
25-12-2018,74.54,75.151,74.23,74.62,1996686,Cardano,
28-12-2018,74.39,75.02,73.84,74.7,1721820,Cardano,
29-12-2018,74.7,75.25,74.24,74.27,1916102,Cardano,
30-12-2018,74.5,74.7,73.47,73.89,2667631,Cardano,
31-12-2018,73.31,73.54,71.01,71.2499,3822938,Cardano,
01-01-2019,71.01,71.55,70.52,70.94,2109012,Cardano,
04-01-2019,70.95,71.2395,70.35,70.77,3037312,Cardano,
05-01-2019,70.3,71.55,70.29,70.97,3456655,Cardano,
06-01-2019,70.73,71.07,70.22,70.23,2455661,Cardano,
07-01-2019,70.69,70.8795,69.57,69.83,2292525,Cardano,
08-01-2019,70.08,70.64,69.74,70.39,1573237,Cardano,
11-01-2019,70.5,71.18,70.28,70.97,2196942,Cardano,
12-01-2019,70.61,70.99,70.2,70.785,1919436,Cardano,
13-01-2019,71.12,71.97,70.36,71.79,1881819,Cardano,
14-01-2019,71.89,72.07,71.59,72.05,1318657,Cardano,
15-01-2019,72.88,72.91,71.58,72.07,4311637,Cardano,
18-01-2019,72.44,73.1,72.39,73.06,1707280,Cardano,
19-01-2019,73.09,74.08,73.06,74.05,2003906,Cardano,
20-01-2019,73.78,74,72.75,73.02,3395272,Cardano,
21-01-2019,73.07,73.9,72.83,73.73,1886933,Cardano,
22-01-2019,73.89,74.29,73.545,74.04,1443899,Cardano,
25-01-2019,74.44,74.57,73.63,73.82,1709036,Cardano,
26-01-2019,73.79,74.25,73.495,73.53,1848234,Cardano,
27-01-2019,73.53,74.09,73.37,73.55,1705556,Cardano,
28-01-2019,73.23,73.72,72.86,73.37,1062896,Cardano,
29-01-2019,73.77,74.0975,73.4,73.9,1659470,Cardano,
02-02-2019,74.06,74.59,73.84,74.1,2161450,Cardano,
03-02-2019,74.55,74.8,73.99,74.43,1971425,Cardano,
04-02-2019,74.63,75.2,74.26,74.455,1976053,Cardano,
05-02-2019,74.6,75.13,74.41,75.13,1736196,Cardano,
08-02-2019,74.87,75.55,74.81,75.39,1378370,Cardano,
09-02-2019,75.58,75.58,74.34,74.42,1648569,Cardano,
10-02-2019,74.25,74.75,73.84,74.33,2213475,Cardano,
11-02-2019,74.03,74.5699,73.78,74.42,1708801,Cardano,
12-02-2019,74.4,74.49,72.795,72.98,3145628,Cardano,
15-02-2019,72.63,72.96,71.37,72.27,3867967,Cardano,
16-02-2019,72.01,72.96,71.19,72.73,5965200,Cardano,
17-02-2019,70.03,71.09,69.16,69.3,9471258,Cardano,
18-02-2019,69.28,70.15,69.1,69.91,5173860,Cardano,
19-02-2019,70.12,70.2,68.35,68.94,6790061,Cardano,
22-02-2019,68.7,69.225,67.79,69.2,4128974,Cardano,
23-02-2019,69.11,70.07,68.85,69.79,4414144,Cardano,
24-02-2019,69.77,71.25,69.6,71.03,3885299,Cardano,
25-02-2019,70.85,71.02,69.53,69.71,3622953,Cardano,
26-02-2019,69.49,70.42,69.42,70.355,2286614,Cardano,
01-03-2019,69.69,71.49,69.55,71.22,3379575,Cardano,
02-03-2019,71.49,71.5,70.53,71.19,2887353,Cardano,
01-03-2019,71.13,71.13,69.51,69.54,4655163,Cardano,
02-03-2019,69.83,69.9512,68.15,69.06,3936903,Cardano,
03-03-2019,69.59,70.67,69.59,70.4,2874115,Cardano,
06-03-2019,70.56,70.8,69.45,69.67,1586281,Cardano,
07-03-2019,69.4,69.63,67.93,67.96,3308170,Cardano,
08-03-2019,68,70.09,67.411,69.99,3562505,Cardano,
09-03-2019,69.83,69.96,67.48,67.66,3376816,Cardano,
10-03-2019,67.37,67.58,65.29,65.29,4647993,Cardano,
13-03-2019,65.01,65.35,63.5301,63.68,4822102,Cardano,
14-03-2019,64.17,64.3,62.69,62.88,4189542,Cardano,
15-03-2019,61.61,64.65,60.51,64.19,8333630,Cardano,
16-03-2019,62.72,65.72,62.72,64.86,6639963,Cardano,
17-03-2019,65.46,67.13,65.46,66.52,6540799,Cardano,
20-03-2019,66.25,66.73,65.7,66.68,4266236,Cardano,
21-03-2019,66.84,68.56,66.51,68.425,3229902,Cardano,
22-03-2019,68.31,68.49,66.99,67.04,2363353,Cardano,
23-03-2019,67.62,68.4,67.17,67.92,1783784,Cardano,
24-03-2019,68.26,69.085,67.5,69.01,1391577,Cardano,
27-03-2019,68.84,69.34,68.31,69.03,1490826,Cardano,
28-03-2019,69.45,70.51,69.2,70.37,1951065,Cardano,
29-03-2019,70.21,70.81,69.52,69.93,2054409,Cardano,
30-03-2019,69.23,70.61,69.23,70.57,1896321,Cardano,
31-03-2019,71.89,72.25,71.27,72.12,2949407,Cardano,
03-04-2019,71.93,72.27,71.66,71.91,1889007,Cardano,
04-04-2019,71.95,73.1,71.75,73.07,2995997,Cardano,
05-04-2019,73.53,74.04,72.89,73.37,6146568,Cardano,
06-04-2019,73.59,74.37,73.37,74.1,2345274,Cardano,
07-04-2019,74.35,74.4,73.441,73.6,4303065,Cardano,
10-04-2019,73.63,74,73.18,73.7,2388788,Cardano,
11-04-2019,73.81,74,73.4,73.7,1876094,Cardano,
12-04-2019,73.35,73.73,73.26,73.41,1581714,Cardano,
13-04-2019,73.65,74.08,73.3,73.72,2560807,Cardano,
14-04-2019,73.7,74,73.35,73.42,2470532,Cardano,
17-04-2019,72.98,73.25,71.87,71.97,3443122,Cardano,
18-04-2019,71.86,73.08,71.86,72.83,2833170,Cardano,
19-04-2019,73.01,73.055,72.42,72.82,2193801,Cardano,
20-04-2019,72.33,72.55,72.02,72.44,2250490,Cardano,
21-04-2019,74,74.55,73.18,73.32,4554452,Cardano,
24-04-2019,73.52,73.55,72.73,73.225,1821162,Cardano,
25-04-2019,73.2,74.52,73.2,74,2842642,Cardano,
26-04-2019,74.08,75,73.74,74.98,1467565,Cardano,
28-04-2019,75.13,76.1,75.05,75.68,978379,Cardano,
01-05-2019,75.64,75.965,75.2,75.75,2023321,Cardano,
02-05-2019,76,76,75.08,75.47,1843619,Cardano,
03-05-2019,75.64,75.64,74.8901,75.18,1576870,Cardano,
04-05-2019,75.09,75.23,74.4,75.03,1428217,Cardano,
05-05-2019,75.16,75.25,74.36,74.4,3061822,Cardano,
08-05-2019,74.4,74.78,73.6,74.05,1639682,Cardano,
09-05-2019,73.34,73.66,72.68,73.565,2875427,Cardano,
10-05-2019,73.56,73.97,71.74,71.85,2577814,Cardano,
11-05-2019,72.1,73.14,71.66,71.74,5176603,Cardano,
12-05-2019,76.17,79.56,75.71,78.02,12613686,Cardano,
15-05-2019,77.66,78.13,74.84,75.04,9696672,Cardano,
16-05-2019,74.87,75.8,74.31,74.32,4057072,Cardano,
17-05-2019,74.5,76.57,74.16,75.995,4180914,Cardano,
18-05-2019,77.41,77.54,76.6,76.89,6913461,Cardano,
19-05-2019,77,77.235,75.99,76.45,6969469,Cardano,
22-05-2019,76.38,77.14,76.38,76.5,3815442,Cardano,
23-05-2019,76.65,77,76.29,76.38,1941130,Cardano,
24-05-2019,76.49,76.93,76.37,76.74,1204577,Cardano,
26-05-2019,76.74,77.17,76.42,76.67,1083915,Cardano,
29-05-2019,76.56,76.58,76,76.13,925149,Cardano,
30-05-2019,75.63,75.86,74.75,75.085,1581722,Cardano,
31-05-2019,75.4,76.21,74.65,74.7,1359295,Cardano,
02-06-2019,74.7,75.2031,73.89,74.34,2356410,Cardano,
05-06-2019,74.21,74.43,73.57,73.98,2405291,Cardano,
06-06-2019,73.95,74.1,71.88,72.53,2895361,Cardano,
07-06-2019,72.77,73.29,72.42,73.11,2378281,Cardano,
08-06-2019,73.4,75.06,73.31,74.915,2624242,Cardano,
09-06-2019,74.89,75.13,73.63,73.84,1730260,Cardano,
12-06-2019,74.13,74.26,72.75,73.12,1337872,Cardano,
13-06-2019,73.95,74.96,71.95,72.59,2103826,Cardano,
14-06-2019,71.88,72.4,70.98,71.99,1927068,Cardano,
15-06-2019,73.71,73.75,72.16,72.29,2839163,Cardano,
16-06-2019,72.03,73.85,72.03,73.73,2375300,Cardano,
20-06-2019,73.79,73.99,72.58,73.49,1612043,Cardano,
21-06-2019,73.16,73.89,72.37,73.54,1787894,Cardano,
22-06-2019,73.9,75.65,72.9,75.48,2178513,Cardano,
23-06-2019,75.44,76.4,75.06,76.06,1851705,Cardano,
26-06-2019,74.61,75.15,73.68,74.74,3593668,Cardano,
27-06-2019,73.71,74.36,73.06,73.46,1798645,Cardano,
28-06-2019,73.54,73.84,72.07,72.25,2281070,Cardano,
29-06-2019,72.03,73.82,71.78,73.64,2538056,Cardano,
30-06-2019,73.32,73.6699,72.06,72.13,2331839,Cardano,
02-07-2019,72.44,73.2,71.04,73.11,2381940,Cardano,
03-07-2019,73.54,73.97,73,73.92,1555881,Cardano,
04-07-2019,73.79,74.62,73.78,74.28,2165419,Cardano,
05-07-2019,74.47,75.18,74.32,75.1,1438787,Cardano,
06-07-2019,75.18,75.62,74.24,74.54,1367376,Cardano,
09-07-2019,74.09,74.98,74.04,74.33,1628904,Cardano,
10-07-2019,74.94,75.19,74.11,74.76,1696218,Cardano,
11-07-2019,74.78,75.14,74.35,75.01,1600860,Cardano,
12-07-2019,75.6,76.755,75.31,76.59,2243479,Cardano,
13-07-2019,76.98,78.62,76.77,78.51,3819317,Cardano,
17-07-2019,78.67,79.22,78.31,79.13,1986622,Cardano,
18-07-2019,79.02,79.9975,78.8,79.73,1683367,Cardano,
19-07-2019,79.42,79.94,79.2,79.73,1556082,Cardano,
20-07-2019,79.76,80.56,79.2,80.55,1626886,Cardano,
23-07-2019,80.65,80.69,79.79,80.1,1455828,Cardano,
24-07-2019,80.03,80.03,79.08,79.68,1954334,Cardano,
25-07-2019,79.76,80.44,79.475,80.07,1256420,Cardano,
26-07-2019,80.32,81.07,80.02,80.96,1545995,Cardano,
27-07-2019,81.24,82.3,80.93,81.1,3115794,Cardano,
02-08-2019,81.14,81.79,80.715,81.79,1497674,Cardano,
03-08-2019,81.63,81.99,80.97,80.99,1617022,Cardano,
04-08-2019,80.71,80.74,79.13,79.63,2393586,Cardano,
05-08-2019,79.6,80.71,79.3,80.62,1850115,Cardano,
06-08-2019,80.19,80.5,79.05,79.55,2537117,Cardano,
09-08-2019,79.76,80.24,79.43,79.93,2010933,Cardano,
10-08-2019,79.25,79.29,77.99,78.005,2622033,Cardano,
11-08-2019,77.91,78.78,77.68,78.01,1692245,Cardano,
12-08-2019,78.14,79.44,77.97,79.4,1683181,Cardano,
13-08-2019,79.18,80.06,78.62,79.62,2202823,Cardano,
16-08-2019,80.21,80.5899,79.8,80.33,1851382,Cardano,
17-08-2019,80.22,81.87,80.18,81.66,5718994,Cardano,
18-08-2019,77.5,80.32,76.75,78.89,10509376,Cardano,
19-08-2019,78.48,79.38,77.2901,79.14,3519158,Cardano,
20-08-2019,79.67,79.96,78.81,79.36,3577654,Cardano,
23-08-2019,79.11,79.3,78.34,78.35,1754094,Cardano,
24-08-2019,78.11,78.42,77.38,77.45,2782848,Cardano,
25-08-2019,77.5,77.59,75.12,75.13,3444660,Cardano,
26-08-2019,74.43,75.3577,74.12,74.97,2965551,Cardano,
27-08-2019,74.72,75.46,74.56,75.31,2085218,Cardano,
30-08-2019,75.51,75.86,75.1,75.6,1880795,Cardano,
31-08-2019,75.11,76.6,74.94,75.94,2555957,Cardano,
01-09-2019,75.61,77.1,75.03,77.07,3976041,Cardano,
02-09-2019,77.17,78.17,76.61,77.68,2158440,Cardano,
06-09-2019,77.13,78.65,76.75,78.23,2556464,Cardano,
07-09-2019,78.07,78.68,77.62,77.65,2601255,Cardano,
08-09-2019,77.68,78.35,77.12,77.44,1938520,Cardano,
09-09-2019,77.62,78.35,77.21,78.33,1556191,Cardano,
10-09-2019,78.3,78.63,78,78.53,1801209,Cardano,
13-09-2019,78.44,79,77.89,78.02,1230008,Cardano,
14-09-2019,78.02,78.6,77.59,77.95,1924760,Cardano,
15-09-2019,78.09,78.5,77.9,78.03,1355479,Cardano,
16-09-2019,77.41,77.69,77.095,77.15,2069787,Cardano,
17-09-2019,76.38,76.55,74.78,75.15,3856532,Cardano,
20-09-2019,75.42,76.3,75.42,75.92,1688296,Cardano,
21-09-2019,76.31,76.88,76.21,76.62,1894590,Cardano,
22-09-2019,76.68,77.52,76.634,77.5,1523839,Cardano,
23-09-2019,77.08,78.8,77,78.52,1714121,Cardano,
24-09-2019,78.41,79.21,77.84,78.54,1831104,Cardano,
27-09-2019,78.84,79.29,78.36,78.55,1653205,Cardano,
28-09-2019,78.34,79.09,77.87,78.02,1698232,Cardano,
29-09-2019,77.61,79.26,77.465,78.65,2423870,Cardano,
30-09-2019,78.4,79.24,77.31,78.06,2109179,Cardano,
01-10-2019,78.29,78.67,77.66,78.43,1745426,Cardano,
04-10-2019,78.43,78.99,77.82,77.85,1655637,Cardano,
05-10-2019,77.35,77.63,76.75,77,2052197,Cardano,
06-10-2019,77.08,77.47,75.96,76.48,1997340,Cardano,
07-10-2019,76.4,76.84,76.17,76.73,2010140,Cardano,
08-10-2019,77.28,78.52,77.05,78.31,1585637,Cardano,
11-10-2019,78.32,79.34,78.07,78.785,2140415,Cardano,
12-10-2019,78.26,78.9,77.3,78.57,2082583,Cardano,
13-10-2019,78.6,79.48,78.53,79.08,1830548,Cardano,
14-10-2019,79.64,81.81,79.1,81.43,3068071,Cardano,
15-10-2019,82,82,80.625,80.92,2676190,Cardano,
18-10-2019,80.69,81.525,80.4,81.41,1436013,Cardano,
19-10-2019,81.75,81.93,81.37,81.62,2065603,Cardano,
20-10-2019,81.57,81.9,80.91,81.61,2639044,Cardano,
21-10-2019,81.54,82.74,81.19,82.56,2761469,Cardano,
22-10-2019,82.34,82.7,81.97,82.04,1825199,Cardano,
26-10-2019,81.91,82.12,80.84,81.365,2080766,Cardano,
27-10-2019,81.55,82.32,81.27,82.16,1671826,Cardano,
28-10-2019,82.17,82.42,81.745,82.015,1248369,Cardano,
29-10-2019,81.89,81.99,80.94,81.09,3288034,Cardano,
01-11-2019,81.5,82,80.59,81.87,2288820,Cardano,
02-11-2019,81.7,82.22,81.35,81.82,1533961,Cardano,
03-11-2019,81.93,82.34,81.44,82.13,1972030,Cardano,
04-11-2019,81.86,82.379,80.64,80.75,1659261,Cardano,
05-11-2019,80.64,81.39,80.38,80.86,1325889,Cardano,
08-11-2019,80.9,81.18,79.9,80.16,1621649,Cardano,
09-11-2019,79.88,80.05,78.95,79.9,2100940,Cardano,
10-11-2019,80.18,81.7,79.99,81.56,1775957,Cardano,
11-11-2019,81.81,82.29,81.42,81.65,1918256,Cardano,
12-11-2019,81.33,82.26,81.06,81.86,1794856,Cardano,
15-11-2019,81.17,81.25,80.35,80.9,2459677,Cardano,
16-11-2019,80.93,82.43,80.83,81.94,3579421,Cardano,
17-11-2019,81.5,82,79.74,79.91,6464252,Cardano,
18-11-2019,79.82,81.94,79.82,81.39,3858566,Cardano,
19-11-2019,81.41,81.94,81.06,81.7,3155600,Cardano,
22-11-2019,82,84.66,81.85,84.28,5829960,Cardano,
23-11-2019,84.17,85.77,84.1,85.55,4945000,Cardano,
24-11-2019,85.22,86.36,84.9745,85.4,4311204,Cardano,
25-11-2019,85.82,86.27,85.49,85.94,3052909,Cardano,
26-11-2019,86.22,86.22,84.265,84.74,5914722,Cardano,
29-11-2019,83.22,84.06,83.15,83.28,4060274,Cardano,
30-11-2019,84.19,84.34,82.95,83.01,4086365,Cardano,
01-12-2019,83.57,83.915,82.71,82.945,2944503,Cardano,
02-12-2019,83.19,83.29,82.38,82.75,2200897,Cardano,
06-12-2019,82.02,83.19,82,82.5,2590918,Cardano,
07-12-2019,82.77,83,80.94,82.59,2781940,Cardano,
08-12-2019,81.95,82.5199,81.4,81.99,4157633,Cardano,
09-12-2019,82.74,83.67,82.41,82.47,3068882,Cardano,
10-12-2019,83.5,83.5,82.47,82.59,3025168,Cardano,
13-12-2019,83.09,83.66,82.82,83.44,4597221,Cardano,
14-12-2019,83.67,84.35,83.24,83.89,4428128,Cardano,
15-12-2019,84.2,84.32,83.71,84.12,3214923,Cardano,
16-12-2019,84.65,84.67,84.2,84.52,2058121,Cardano,
17-12-2019,84.17,84.73,83.48,84.1,2402737,Cardano,
20-12-2019,84,84.185,83.45,84.09,1995814,Cardano,
21-12-2019,83.8,84.1,83.01,83.19,3916369,Cardano,
22-12-2019,83.38,83.75,82.651,82.73,2601235,Cardano,
23-12-2019,82.8,83.4,82.48,82.64,2579462,Cardano,
24-12-2019,83,83.36,82.54,82.98,3575256,Cardano,
27-12-2019,82.53,82.7,81.73,81.93,2762691,Cardano,
28-12-2019,82.07,82.65,81.13,82.59,2681017,Cardano,
29-12-2019,82.07,82.54,81.56,82.25,2178019,Cardano,
30-12-2019,81.9,83.8,81.2,83.29,2072737,Cardano,
31-12-2019,83.8,84.8225,83.37,83.99,2893618,Cardano,
03-01-2020,84.18,84.26,82.7,83.4,2073990,Cardano,
04-01-2020,83.43,84.18,83.17,84.06,1375437,Cardano,
05-01-2020,84.78,86.12,84.17,85.38,1773760,Cardano,
06-01-2020,85.47,85.63,84.07,84.19,2272321,Cardano,
07-01-2020,83.87,84.92,83.48,84.69,1990313,Cardano,
10-01-2020,85.39,85.92,85.19,85.62,1999645,Cardano,
11-01-2020,86.06,86.86,85.05,85.9,3103225,Cardano,
12-01-2020,85.16,86.14,84.08,85.82,2218549,Cardano,
13-01-2020,85.82,86.83,85,86.31,1963572,Cardano,
14-01-2020,85.96,88.38,85.96,88.12,2610170,Cardano,
17-01-2020,88,88.78,86.9,88.77,1788322,Cardano,
18-01-2020,88.98,89.25,88.03,88.45,1468317,Cardano,
19-01-2020,88.12,88.47,87.21,87.48,2461368,Cardano,
20-01-2020,86.66,86.9,84.69,84.69,3108777,Cardano,
21-01-2020,83.94,84.16,80.87,80.87,6807382,Cardano,
24-01-2020,77,79.82,73.33,76.27,6938462,Cardano,
25-01-2020,79.02,80.33,76.47,76.57,7465406,Cardano,
26-01-2020,78.14,79.61,76.56,79.33,4243645,Cardano,
27-01-2020,80.41,81.28,79.39,80.91,5197162,Cardano,
28-01-2020,80.42,81.45,79.75,81.4,3316402,Cardano,
31-01-2020,81.38,81.7,80.3,80.57,2313081,Cardano,
01-02-2020,79.07,79.82,77.63,77.99,3206423,Cardano,
02-02-2020,79,79.33,77.54,79.25,3533795,Cardano,
03-02-2020,79.6,81.55,79.36,80.32,3480077,Cardano,
04-02-2020,78.99,80.27,78.39,78.89,2326524,Cardano,
08-02-2020,80.64,81.91,80.13,81.78,2670647,Cardano,
09-02-2020,82.79,83.51,80.23,80.52,2460265,Cardano,
10-02-2020,80.63,80.97,80.01,80.7,3541005,Cardano,
11-02-2020,80.44,81.23,79.94,81.19,2913738,Cardano,
14-02-2020,81.35,81.41,80.275,80.46,2545889,Cardano,
15-02-2020,80.61,82.115,80.3,81.53,3436288,Cardano,
16-02-2020,81.51,82.67,81.32,82.53,2509822,Cardano,
17-02-2020,82.45,83.88,81.7,82.31,4892898,Cardano,
18-02-2020,80.54,86.95,80.16,83.25,16424007,Cardano,
21-02-2020,83.42,85.69,83.42,85.32,4919720,Cardano,
22-02-2020,83.98,86.83,83.77,86.66,6336491,Cardano,
23-02-2020,86.92,87.985,86.05,87.5,4007664,Cardano,
24-02-2020,87.07,87.37,85.36,85.91,4463725,Cardano,
25-02-2020,86.71,86.72,84.58,85.13,3736865,Cardano,
28-02-2020,84.88,85,82.03,82.52,3435657,Cardano,
29-02-2020,82.52,82.58,81.09,81.83,3126338,Cardano,
01-03-2020,82.88,84.37,82.38,84.22,3653755,Cardano,
01-03-2020,84.42,85.77,83.57,85.75,3407762,Cardano,
02-03-2020,84.21,86.01,83.29,85.99,3402561,Cardano,
05-03-2020,86.8,88.31,86.49,87.84,4204826,Cardano,
06-03-2020,87.6,88,86.84,87.15,4262981,Cardano,
07-03-2020,84.2,85.0992,81.02,82.65,14474835,Cardano,
08-03-2020,82.45,84.48,82.2,84.26,4596047,Cardano,
09-03-2020,84.41,85.9,83.99,85.82,3774309,Cardano,
12-03-2020,85.66,86.8393,85.23,85.92,2707171,Cardano,
13-03-2020,85.32,86.64,85.31,85.65,1992792,Cardano,
14-03-2020,86,86.73,85.4,85.8,2391215,Cardano,
15-03-2020,86.19,88.86,86.09,88.77,4381870,Cardano,
16-03-2020,89.17,91.035,88.18,90.67,5332078,Cardano,
19-03-2020,90.15,90.49,89.03,90.4,3353927,Cardano,
20-03-2020,90.15,90.6497,88.42,88.84,2694223,Cardano,
21-03-2020,89.22,89.568,87.87,88.13,2901505,Cardano,
22-03-2020,88.56,90.83,88.56,90.46,3547143,Cardano,
23-03-2020,91,91.44,89.44,89.86,6744143,Cardano,
26-03-2020,89.91,91.7,89.6101,90.84,2375723,Cardano,
27-03-2020,90.65,90.85,89.81,90.05,2593610,Cardano,
28-03-2020,90.44,90.83,89.58,90.5,3206711,Cardano,
29-03-2020,90.26,90.5,89.51,90.12,1623434,Cardano,
30-03-2020,89.99,91.49,89.9001,90.66,2131609,Cardano,
02-04-2020,91.03,92.545,90.47,91.91,2904659,Cardano,
03-04-2020,91.59,92.74,90.92,92.36,2102233,Cardano,
04-04-2020,92.34,93.34,92.21,93.01,1873688,Cardano,
05-04-2020,93.5,93.87,91.79,92.55,1836275,Cardano,
06-04-2020,92.07,92.79,90.97,92.69,2004252,Cardano,
09-04-2020,92.24,92.4916,90.99,91.8,1705167,Cardano,
10-04-2020,91.56,92.31,90.99,92.28,1943623,Cardano,
11-04-2020,92.68,93.47,92.25,93.21,2361585,Cardano,
12-04-2020,93.08,93.88,92.74,92.84,2458782,Cardano,
13-04-2020,92.95,92.95,90.795,91.02,1831385,Cardano,
16-04-2020,91.66,91.8,90,91.765,2198461,Cardano,
17-04-2020,91.96,93.29,91.87,92.29,1736485,Cardano,
18-04-2020,92.31,93.39,91.47,93.27,1453602,Cardano,
19-04-2020,93.52,94.13,93.28,93.76,2414450,Cardano,
20-04-2020,94.33,94.5,93.22,93.81,2134510,Cardano,
23-04-2020,93.82,94.37,93.27,93.96,1570373,Cardano,
24-04-2020,93.14,94.22,92.09,94,2046166,Cardano,
25-04-2020,94.3,94.4982,93.695,93.77,1117756,Cardano,
27-04-2020,93.86,94.57,93.77,94.17,632975,Cardano,
30-04-2020,94.41,94.6599,93.13,93.46,2380234,Cardano,
01-05-2020,94.01,94.58,93.1,94.55,1545121,Cardano,
02-05-2020,94.52,94.85,93.68,94.02,1904461,Cardano,
03-05-2020,93.97,94.76,91.725,91.91,2425559,Cardano,
04-05-2020,92.13,94.82,92.13,94.58,2980844,Cardano,
07-05-2020,94.56,94.88,91.215,91.6,3958689,Cardano,
08-05-2020,91.22,94.09,90.9566,93.72,3372861,Cardano,
09-05-2020,93.04,93.792,90.95,91.56,3333577,Cardano,
10-05-2020,92.41,92.43,90.51,90.96,4751884,Cardano,
11-05-2020,94.51,95.65,92.12,93.42,8315047,Cardano,
14-05-2020,93.71,95.31,93.02,95.26,3792649,Cardano,
15-05-2020,95.98,97.79,95.72,96.02,4099762,Cardano,
16-05-2020,96.41,97.66,95.61,97.56,2613864,Cardano,
17-05-2020,97.7,98.42,96.19,96.2,3069676,Cardano,
18-05-2020,95.73,95.92,93.3,93.31,5314246,Cardano,
21-05-2020,94.16,94.6894,92.81,93.62,2663580,Cardano,
22-05-2020,93.94,95.95,93.63,95.82,1873599,Cardano,
23-05-2020,96.42,96.99,95.53,96.7,1526509,Cardano,
24-05-2020,96.45,97.19,96.03,96.3,602510,Cardano,
28-05-2020,95.79,96.3,95.23,96.2,1027069,Cardano,
29-05-2020,96.6,97.898,96.6,97.33,1124883,Cardano,
30-05-2020,97.19,98.02,97,97.28,1153828,Cardano,
31-05-2020,97.07,97.21,95.88,95.94,1453959,Cardano,
04-06-2020,93.77,94,92.54,93.97,2993837,Cardano,
05-06-2020,94.01,94.85,93.41,94.34,1821303,Cardano,
06-06-2020,93.1,93.5,92.24,93.02,1673994,Cardano,
07-06-2020,91.4,93.4,90.71,91.11,2717807,Cardano,
08-06-2020,91.68,91.99,89.63,89.85,2263454,Cardano,
11-06-2020,90.07,91.8025,89.84,91.38,2362168,Cardano,
12-06-2020,91.89,93.03,90.4075,91.82,2370486,Cardano,
13-06-2020,92.59,93.44,89.99,90.3,3409118,Cardano,
14-06-2020,90.92,92.3,89.32,91.8,4087507,Cardano,
15-06-2020,88.84,91.35,88.82,91.17,3937528,Cardano,
19-06-2020,92.29,93.4,90.37,91.18,3680623,Cardano,
20-06-2020,89.69,90.76,86.67,89.94,3667164,Cardano,
21-06-2020,90.64,91.93,89.14,90,4298807,Cardano,
22-06-2020,91.55,91.93,90.48,91.63,5390257,Cardano,
25-06-2020,90.39,91.26,88.63,88.77,3945011,Cardano,
26-06-2020,89.26,89.58,87.47,88.89,2746350,Cardano,
27-06-2020,89.27,89.83,86.51,86.85,3070628,Cardano,
28-06-2020,87.54,87.74,84.7,86.52,5315651,Cardano,
29-06-2020,87.55,91.13,87.12,91.13,4679480,Cardano,
01-07-2020,90.16,92.2383,89.9,91.61,2893129,Cardano,
02-07-2020,90.71,91.02,89.64,89.95,3070909,Cardano,
03-07-2020,90.91,91.25,88.67,89.99,3185814,Cardano,
04-07-2020,89.82,89.97,87.78,88.36,3417386,Cardano,
05-07-2020,87.5,87.5,79.83,81.2,10644182,Cardano,
08-07-2020,79.4,80.33,73.27,76.94,12909972,Cardano,
09-07-2020,76.76,79.19,75.04,75.85,6697359,Cardano,
10-07-2020,76.99,79.615,75.8965,77.53,6465281,Cardano,
11-07-2020,76.04,77.53,75.58,76.94,4984700,Cardano,
12-07-2020,77.99,79.36,77.4,78.67,4368745,Cardano,
16-07-2020,79.13,81.2,79.13,80.88,4736367,Cardano,
17-07-2020,81.4,84.07,80.54,83.85,4474243,Cardano,
18-07-2020,84.3,84.82,82.135,82.53,3560257,Cardano,
19-07-2020,82.32,82.94,81.51,82.87,3928923,Cardano,
22-07-2020,84.09,86.16,84.05,85.8,3615509,Cardano,
23-07-2020,85.41,86.49,84.86,85.07,2958417,Cardano,
24-07-2020,84.22,85.53,82.93,85.42,2667262,Cardano,
25-07-2020,86.76,88.72,86.15,88.68,3284027,Cardano,
26-07-2020,89.11,89.48,86.1,88.6,3723203,Cardano,
29-07-2020,88.01,88.19,87.09,87.15,3164402,Cardano,
01-08-2020,87.92,90.395,86.59,90.37,3604657,Cardano,
02-08-2020,90.12,90.55,89.26,90.39,2863534,Cardano,
03-08-2020,90.5,90.5,87.85,89.21,3082091,Cardano,
04-08-2020,89.93,89.9399,87.58,88.18,3002485,Cardano,
07-08-2020,87.58,87.96,86.05,87.11,3124547,Cardano,
08-08-2020,86.25,87.95,85.17,86.35,3245666,Cardano,
09-08-2020,86.88,87.29,85.25,87.27,2491528,Cardano,
10-08-2020,87.06,88.52,85.59,86.85,2969735,Cardano,
11-08-2020,87.2,88.23,86.63,88,3330381,Cardano,
14-08-2020,88.11,89.75,87.837,89.01,3754530,Cardano,
15-08-2020,88.4,89.19,88.22,88.83,2909602,Cardano,
16-08-2020,88.7,90.48,88.4,90.17,3383011,Cardano,
17-08-2020,90.66,92.21,89.25,91.96,6914587,Cardano,
18-08-2020,100,100,95.11,95.42,12530116,Cardano,
21-08-2020,94.69,95.27,93.33,94.5,4657280,Cardano,
22-08-2020,94.06,95.42,94.05,94.56,4475820,Cardano,
23-08-2020,94.62,94.935,93.93,94.16,2767612,Cardano,
24-08-2020,93.5,94.74,93.25,94.52,3266809,Cardano,
28-08-2020,94.68,94.83,93.8975,94.4,2282987,Cardano,
29-08-2020,93.79,95.435,93.7601,95.22,4248816,Cardano,
30-08-2020,95.63,96.48,94.98,95.78,6797241,Cardano,
31-08-2020,95.76,96.58,95.23,95.8,6561360,Cardano,
01-09-2020,95.33,97.47,94.77,97.16,3981336,Cardano,
04-09-2020,97.42,98.28,96.23,96.5,2398333,Cardano,
05-09-2020,95.32,96.77,95.22,96.17,2472632,Cardano,
06-09-2020,96.07,97.49,95.97,97.4,2705684,Cardano,
07-09-2020,96.72,96.89,95.19,95.78,2370463,Cardano,
08-09-2020,96.48,96.5,95.39,96.07,2063194,Cardano,
11-09-2020,96.43,96.81,94.84,94.95,2165101,Cardano,
12-09-2020,95.18,95.6701,94.2211,95.42,2078982,Cardano,
13-09-2020,95.82,96.6012,95.69,96.53,2054993,Cardano,
14-09-2020,96.34,96.71,96.01,96.44,1764050,Cardano,
15-09-2020,96.66,97.22,96.16,97.16,2187373,Cardano,
18-09-2020,96.75,98.58,96.59,98.55,2174950,Cardano,
19-09-2020,99,99.69,97.13,98.52,2507550,Cardano,
20-09-2020,99,99,97.76,98.33,2712063,Cardano,
21-09-2020,98.21,99.14,97.76,98.37,2067717,Cardano,
22-09-2020,98.17,98.24,95.76,96.79,3797949,Cardano,
25-09-2020,96.38,98.04,96.215,97.8,2046959,Cardano,
26-09-2020,97.96,98.295,97.22,98.15,1419296,Cardano,
27-09-2020,97.72,97.99,96.53,97.64,2082757,Cardano,
28-09-2020,96.8,97.735,95.15,95.64,3497809,Cardano,
29-09-2020,94.89,96.58,94.32,96.22,3163821,Cardano,
02-10-2020,96.29,96.99,95.8095,96.9,2330580,Cardano,
03-10-2020,96.07,96.3899,95.09,95.66,1811416,Cardano,
04-10-2020,95.18,95.59,94.55,94.94,1710722,Cardano,
05-10-2020,95.1,96.2165,94.92,95.5,1894837,Cardano,
06-10-2020,95.13,96.4,94.57,96.3,1465012,Cardano,
09-10-2020,96,97.19,95.87,96.61,1406930,Cardano,
10-10-2020,96.82,98.59,96.75,98.52,1808379,Cardano,
11-10-2020,98.26,99.26,98.04,98.1,1569142,Cardano,
12-10-2020,98.31,98.975,96.93,97.96,1198141,Cardano,
13-10-2020,97.62,99.2099,97.37,97.97,2221114,Cardano,
16-10-2020,97.91,99.76,97.91,99.23,1918532,Cardano,
17-10-2020,98.81,99.35,97.75,97.93,3279644,Cardano,
18-10-2020,97.78,99.43,97.5,98.7,2010422,Cardano,
19-10-2020,98.41,98.945,97.25,97.88,1988404,Cardano,
20-10-2020,98.1,99.12,97.86,98.88,2218296,Cardano,
23-10-2020,98.71,99.415,98.4963,98.62,1095865,Cardano,
24-10-2020,99.18,101.7,98.97,101.63,3014841,Cardano,
25-10-2020,101.91,101.99,100.8001,101.61,1955907,Cardano,
26-10-2020,101.81,102.325,101.07,101.37,1970868,Cardano,
27-10-2020,101.52,102.14,100.9,102.14,1603842,Cardano,
31-10-2020,102.14,102.56,101.35,101.47,3480457,Cardano,
01-11-2020,101.24,102.4,100.93,102.04,1663285,Cardano,
02-11-2020,101.98,102.17,101.17,102.17,1761945,Cardano,
03-11-2020,101.52,101.52,99.89,100.7,2417041,Cardano,
06-11-2020,101.16,101.49,100.47,101.12,1395760,Cardano,
07-11-2020,101.51,101.67,100.47,100.52,2143948,Cardano,
08-11-2020,100.45,100.91,99.99,100.68,2078751,Cardano,
09-11-2020,100.36,100.7,99.85,100.07,1609445,Cardano,
10-11-2020,98.89,99.87,98.75,99.09,1863828,Cardano,
13-11-2020,98.87,100.085,98.7,98.96,2291500,Cardano,
14-11-2020,98.53,99.26,98.32,98.98,1889780,Cardano,
15-11-2020,99.01,99.83,98.9,99.02,2270374,Cardano,
16-11-2020,98.5,99.3,97.5436,99.19,1952554,Cardano,
17-11-2020,99.25,99.39,97.36,97.58,4541524,Cardano,
20-11-2020,99.1,100.75,98.77,99.99,4310614,Cardano,
21-11-2020,100.64,101.92,100.13,101.72,6505099,Cardano,
22-11-2020,97.53,98.5,95.86,96.01,10280513,Cardano,
23-11-2020,96.73,98.28,96.31,98.21,3803202,Cardano,
24-11-2020,94.39,96.35,94.04,94.2,4329093,Cardano,
27-11-2020,93.36,94.027,92.35,92.85,3930488,Cardano,
28-11-2020,93.37,94.65,93.36,94.46,3319222,Cardano,
29-11-2020,94.91,96.62,94.68,96.39,2965457,Cardano,
30-11-2020,96.48,97.88,96.13,97.79,3544676,Cardano,
01-12-2020,97.04,99.14,97,97.32,3001890,Cardano,
05-12-2020,96.55,97.61,96.15,96.73,2314564,Cardano,
06-12-2020,96.53,97.48,96.0618,97.18,1490519,Cardano,
07-12-2020,97.01,97.51,96.54,97.14,1576641,Cardano,
08-12-2020,97.93,98.86,97.34,98.79,2023894,Cardano,
11-12-2020,98.98,99.55,98.81,99.14,1732033,Cardano,
12-12-2020,99.25,99.79,98.7,99.54,2054399,Cardano,
13-12-2020,99.97,100.38,99.34,99.34,2125802,Cardano,
14-12-2020,100,100.14,99.46,99.7,1402546,Cardano,
15-12-2020,100.39,100.4,99.5,99.83,1530472,Cardano,
18-12-2020,99.74,100.53,99.58,99.79,1544206,Cardano,
19-12-2020,99.11,100.17,99.001,99.79,1796974,Cardano,
20-12-2020,100.16,100.89,99.85,100.4,1553793,Cardano,
21-12-2020,100.12,100.425,98.08,98.34,2579492,Cardano,
22-12-2020,98.71,100.24,98.09,100.06,2101792,Cardano,
25-12-2020,99.75,99.75,98.88,99.32,1815068,Cardano,
26-12-2020,99.81,100.42,99,99.91,2196459,Cardano,
27-12-2020,99.59,100.41,99.39,99.93,2312855,Cardano,
28-12-2020,99.92,100.61,99.57,100.44,1665976,Cardano,
29-12-2020,100.4,100.55,99.23,99.86,1786576,Cardano,
01-01-2021,99.75,100.16,99.22,99.72,1474728,Cardano,
02-01-2021,99.38,99.63,97.42,98.05,2352680,Cardano,
03-01-2021,98.06,98.68,97.65,98.67,2071194,Cardano,
04-01-2021,98.5,99.275,98.19,99.09,1282616,Cardano,
05-01-2021,99.36,101.0799,99.15,101.04,1932251,Cardano,
08-01-2021,100.86,100.95,100.3,100.49,1107231,Cardano,
09-01-2021,100.71,101.22,100.47,100.87,1001899,Cardano,
10-01-2021,101.13,102.99,101.09,102.62,2670198,Cardano,
11-01-2021,102.85,103.93,102.59,103.67,2259564,Cardano,
12-01-2021,102.98,103.2,102.06,103.04,1713290,Cardano,
15-01-2021,103.38,103.63,102.88,102.93,1697647,Cardano,
16-01-2021,102.52,102.97,101.91,102.6,1649255,Cardano,
17-01-2021,102.65,102.81,101.4499,101.7,2123890,Cardano,
18-01-2021,101.6,102.9299,101.6,102.67,2027035,Cardano,
19-01-2021,102.31,102.605,101.72,102.32,1587907,Cardano,
22-01-2021,102.32,102.68,101.92,102.24,1000922,Cardano,
23-01-2021,102.46,103.28,102.24,103.14,1008577,Cardano,
24-01-2021,103,103.52,102.69,103.14,1425475,Cardano,
25-01-2021,103.15,103.79,102.9101,103.69,1174114,Cardano,
26-01-2021,103.68,104.75,103.081,104.06,1834585,Cardano,
29-01-2021,103.85,104.68,103.4,104.3,1161565,Cardano,
30-01-2021,104.09,104.39,103.51,104,1325125,Cardano,
31-01-2021,103.66,104.6,103.5101,104.31,1773009,Cardano,
01-02-2021,104.23,104.97,103.81,104.9,2006584,Cardano,
02-02-2021,105.49,106.16,104.945,105.57,1719304,Cardano,
06-02-2021,105.33,105.74,105.09,105.5,1585087,Cardano,
07-02-2021,105.47,105.51,104.58,105,1386856,Cardano,
08-02-2021,104.77,104.97,103.62,103.88,2110634,Cardano,
09-02-2021,102.97,103.28,101.38,101.38,3379343,Cardano,
12-02-2021,101.18,102.5,101,102.32,2882643,Cardano,
13-02-2021,101.92,101.92,99.87,100.77,3797569,Cardano,
14-02-2021,100.95,101.55,100.49,100.79,2028980,Cardano,
15-02-2021,100.84,102.039,100.49,101.62,3094984,Cardano,
16-02-2021,101.26,101.67,100.32,100.93,3700620,Cardano,
19-02-2021,101.21,102.21,101.02,101.68,3307495,Cardano,
20-02-2021,102.16,102.905,101.72,102.62,4104876,Cardano,
21-02-2021,108.54,110.22,107.8,109.78,8764534,Cardano,
22-02-2021,109.46,110.5,109.01,109.92,3960351,Cardano,
23-02-2021,109.21,110,108.7925,109.47,3087244,Cardano,
26-02-2021,108.91,109.57,108.53,109.26,2342666,Cardano,
27-02-2021,108.99,111.7621,108.74,111.7,3531397,Cardano,
28-02-2021,111.48,111.685,110.82,111.49,2740327,Cardano,
01-03-2021,111.5,111.57,109.55,109.8,2436891,Cardano,
02-03-2021,110.15,110.84,109.44,110.54,3717564,Cardano,
03-03-2021,110.41,110.96,110.16,110.45,1553779,Cardano,
04-03-2021,110.52,110.94,109.85,110.39,1394026,Cardano,
05-03-2021,110.57,111.33,110.32,110.8,1854962,Cardano,
06-03-2021,110.72,111.2719,110.14,110.56,1590833,Cardano,
07-03-2021,111.07,111.07,109.6,110.64,1412712,Cardano,
10-03-2021,111.15,112.1289,111.15,111.24,1581885,Cardano,
11-03-2021,111,111.2,109.04,109.37,1970952,Cardano,
12-03-2021,110.42,110.42,108.82,110.05,1464453,Cardano,
13-03-2021,109.13,110.1269,108.53,110.01,1588515,Cardano,
14-03-2021,110.19,111.1,109.82,109.84,1968368,Cardano,
17-03-2021,110,110.28,109.39,109.49,1136508,Cardano,
18-03-2021,110.44,110.82,110.01,110.42,1318970,Cardano,
19-03-2021,110.81,110.89,110.15,110.39,1282181,Cardano,
20-03-2021,110.41,111.38,109.55,111.03,1820838,Cardano,
21-03-2021,110.51,111.17,109.63,111.03,1838310,Cardano,
24-03-2021,111.63,113.09,111.35,112.81,2014948,Cardano,
25-03-2021,112.76,112.7716,110.95,111.03,1713157,Cardano,
26-03-2021,110.74,110.82,109.59,109.97,1623675,Cardano,
27-03-2021,110.47,110.66,108.69,109.07,2393913,Cardano,
28-03-2021,109.08,110.32,109.05,109.6,1931148,Cardano,
31-03-2021,110.02,110.29,109.04,109.51,1678357,Cardano,
01-04-2021,109.79,109.97,108.0406,108.87,1951517,Cardano,
02-04-2021,108.85,108.95,107.57,107.89,2140276,Cardano,
03-04-2021,108.54,110.16,108.48,109.17,3666962,Cardano,
04-04-2021,107.85,109.09,107.6,108.2,2587542,Cardano,
07-04-2021,109.66,110.97,109.37,110.66,2729886,Cardano,
08-04-2021,110.68,111.16,109.93,110.39,2453774,Cardano,
09-04-2021,107.55,110.05,106.52,109.86,3650453,Cardano,
10-04-2021,110.08,110.26,103.66,106.08,7301859,Cardano,
11-04-2021,105.62,106.4699,104.62,105.68,3833668,Cardano,
14-04-2021,106.12,106.49,103.77,104.42,3040488,Cardano,
15-04-2021,105.14,106.76,104.55,105.66,2561051,Cardano,
16-04-2021,105.61,106.4,104.96,106.08,2459569,Cardano,
17-04-2021,105.77,107.93,105.4801,107.81,2606633,Cardano,
18-04-2021,108.19,108.8,106.72,107.02,2358173,Cardano,
21-04-2021,107.56,108.141,107.14,107.65,1805961,Cardano,
22-04-2021,107.85,108.3594,107.04,107.21,1703129,Cardano,
23-04-2021,107.41,107.56,105.98,106.21,2144641,Cardano,
25-04-2021,106.17,107.03,105.9,107.02,938196,Cardano,
28-04-2021,106.81,107.15,106.09,106.5,1552589,Cardano,
29-04-2021,106.27,107.98,106.26,106.95,2353066,Cardano,
30-04-2021,106.99,107.46,104.8,104.81,3399924,Cardano,
01-05-2021,104.82,104.92,100.87,101.51,5121207,Cardano,
02-05-2021,101.52,102.145,100,101.73,3514412,Cardano,
05-05-2021,102.46,104.52,102.16,103.95,2319388,Cardano,
06-05-2021,103.99,103.99,102.71,103.55,2679920,Cardano,
07-05-2021,102.89,105.51,102.89,105.36,2728947,Cardano,
08-05-2021,105.36,106.07,104.54,105.5,1852123,Cardano,
09-05-2021,106,106.5,105.42,106.31,2620558,Cardano,
12-05-2021,106.62,107.24,105.52,107.16,2711980,Cardano,
13-05-2021,107.74,109.6,107.62,108.15,3396643,Cardano,
14-05-2021,108.3,108.79,107.44,107.81,3213667,Cardano,
15-05-2021,108.33,108.48,106.6,107.1,5678872,Cardano,
16-05-2021,109.8,109.8,103.91,105.55,8949422,Cardano,
19-05-2021,105.57,108.08,105.41,107.29,3567065,Cardano,
20-05-2021,107.5,107.88,106.76,107.77,2194547,Cardano,
21-05-2021,107.74,108.06,106.48,107.51,2524652,Cardano,
22-05-2021,107.12,107.1455,105.95,106.72,1717350,Cardano,
23-05-2021,106.61,107.42,106.61,107.02,1047664,Cardano,
27-05-2021,107,107.9,106.86,106.98,1047906,Cardano,
28-05-2021,106.83,107.16,105.5,105.77,1742929,Cardano,
29-05-2021,105.63,106.3911,105.41,105.68,1094987,Cardano,
30-05-2021,106.07,106.22,104.47,104.95,2095849,Cardano,
03-06-2021,105.43,106.03,104.81,105.48,2277938,Cardano,
04-06-2021,105.74,106.37,105.495,106.14,1712588,Cardano,
05-06-2021,106.13,108.02,105.77,107.91,2504777,Cardano,
06-06-2021,107.98,110.43,107.25,110.3,2626357,Cardano,
09-06-2021,109.96,110.79,109.56,110.57,2925384,Cardano,
10-06-2021,110.57,110.79,109.61,110.26,3081003,Cardano,
11-06-2021,110.23,111.05,110,110.99,1783958,Cardano,
12-06-2021,109.99,110.74,109.16,110.59,1617887,Cardano,
13-06-2021,110.84,110.9,109.98,110.53,1594159,Cardano,
17-06-2021,109.79,110.05,109.06,110,1697774,Cardano,
18-06-2021,110.5,111.17,109.53,110.79,2537260,Cardano,
19-06-2021,110.63,111.98,110.04,111.79,3090907,Cardano,
20-06-2021,112.02,112.81,111.57,112.71,3179191,Cardano,
23-06-2021,112.71,113.92,112.3,112.97,2574233,Cardano,
24-06-2021,113.46,116.17,113.34,115.72,3654779,Cardano,
25-06-2021,115.77,116.57,115.29,116.25,4116866,Cardano,
26-06-2021,115.79,116.44,114.73,114.88,2745744,Cardano,
27-06-2021,115.07,116.01,114.75,115.99,1696862,Cardano,
30-06-2021,115.22,115.87,114.26,115.82,2176544,Cardano,
01-07-2021,115.22,115.75,114.695,115.38,1716654,Cardano,
01-07-2021,115.31,115.64,114.6807,115.36,1859072,Cardano,
02-07-2021,114.82,115.58,114.27,115.16,1695794,Cardano,
03-07-2021,115.55,117.45,115.42,117.17,2507879,Cardano,
06-07-2021,116.68,116.825,115.2901,116.46,3067482,Cardano,
07-07-2021,116.83,117.19,116.54,116.96,1643459,Cardano,
08-07-2021,117,118.38,116.451,118.13,2591691,Cardano,
09-07-2021,118.26,118.9,118.02,118.44,1688867,Cardano,
10-07-2021,118.51,118.94,117.03,118.85,2612910,Cardano,
13-07-2021,119.03,119.94,118.2,119.65,1910387,Cardano,
14-07-2021,119.65,119.79,118.67,119.58,1556667,Cardano,
15-07-2021,119.33,121.09,119.07,120.73,1699566,Cardano,
16-07-2021,120.84,121.47,120.47,120.93,1649522,Cardano,
17-07-2021,120.79,121.72,120.24,121.67,2143342,Cardano,
21-07-2021,121.73,122.169,121.31,121.63,2032264,Cardano,
22-07-2021,121.67,121.89,120.85,121.47,1982076,Cardano,
23-07-2021,122.1,122.15,120.03,120.83,2382438,Cardano,
24-07-2021,120.3,121.32,119.83,121.31,1942497,Cardano,
27-07-2021,121.02,121.199,120.07,120.78,1550485,Cardano,
28-07-2021,120.83,120.84,120.02,120.34,2008021,Cardano,
01-08-2021,121.24,122.57,120.38,122.35,2356486,Cardano,
02-08-2021,122.09,122.12,121.28,121.9,1819669,Cardano,
03-08-2021,121.83,122.13,121.48,122.04,1361065,Cardano,
06-08-2021,121.73,122.48,121.37,122.15,1979705,Cardano,
07-08-2021,122.06,122.69,121.69,121.98,1872514,Cardano,
08-08-2021,122.21,122.66,121.35,121.6,2963129,Cardano,
09-08-2021,121.82,122.26,121.11,121.91,1984230,Cardano,
10-08-2021,122.57,123.37,122.241,123.09,2211590,Cardano,
13-08-2021,123.11,123.96,122.89,123.8,1805230,Cardano,
14-08-2021,123.65,123.99,122.62,123.44,1507727,Cardano,
15-08-2021,124,124.42,122.9,124.11,2396330,Cardano,
16-08-2021,125.25,125.6,123.525,124.35,4044632,Cardano,
17-08-2021,130.45,132.3,128.94,129.01,8749931,Cardano,
20-08-2021,128.99,130.09,127.79,128.31,3320872,Cardano,
21-08-2021,128.64,129.36,126.96,127.07,3105354,Cardano,
22-08-2021,126.6,128.94,126.51,128.21,3477255,Cardano,
23-08-2021,128.2,129.25,128.01,128.87,2197395,Cardano,
24-08-2021,129.86,131,129.05,129.7,3044012,Cardano,
27-08-2021,129.48,130.837,128.36,130.25,2424241,Cardano,
28-08-2021,129.81,131.28,129.81,130.69,2213168,Cardano,
29-08-2021,130.4,131.63,130.2,131.58,2272469,Cardano,
30-08-2021,131.55,132.28,131.3,131.61,2205191,Cardano,
31-08-2021,131.57,132.69,131.4,132.13,2086436,Cardano,
03-09-2021,131.585,132.7499,130.88,131.59,2337179,Cardano,
04-09-2021,131.47,132.372,131.02,132.04,2026524,Cardano,
05-09-2021,132.58,133.33,131.375,131.89,2811602,Cardano,
06-09-2021,131.86,132.22,131.16,132.15,1890788,Cardano,
07-09-2021,132.15,132.67,131.52,132.22,2287628,Cardano,
10-09-2021,132.32,132.38,131.47,132.16,2234858,Cardano,
11-09-2021,131.91,132.165,130.21,131.95,2331574,Cardano,
12-09-2021,131.96,131.96,130.72,131.38,2106262,Cardano,
13-09-2021,131.63,132.42,131.05,131.05,1815153,Cardano,
17-09-2021,131.69,132.36,131.11,131.99,1395421,Cardano,
18-09-2021,131.74,132.23,131.48,131.81,1499921,Cardano,
19-09-2021,131.9,132.98,131.82,132.22,2007577,Cardano,
20-09-2021,132.7,133.99,132.28,133.42,2004265,Cardano,
21-09-2021,133.84,133.97,133.03,133.52,2137091,Cardano,
24-09-2021,134.94,135.1799,134.17,134.89,1845574,Cardano,
25-09-2021,135.44,135.72,134.88,135.49,2504125,Cardano,
26-09-2021,135.5,135.8,134.42,134.79,1635879,Cardano,
27-09-2021,135.13,136.25,134.76,135.38,1658152,Cardano,
28-09-2021,135.4,135.92,134.67,135.74,1749248,Cardano,
01-10-2021,136.3,137.34,135.71,137.11,1811967,Cardano,
02-10-2021,137.54,137.7,136.75,137,2692925,Cardano,
03-10-2021,136.99,137.21,136.38,136.85,1974179,Cardano,
04-10-2021,137.13,137.35,136.405,136.61,1810512,Cardano,
05-10-2021,137.19,137.19,136.19,136.84,1845511,Cardano,
08-10-2021,137.36,137.385,136.22,137.12,1583090,Cardano,
09-10-2021,137.33,137.62,136.9,137.6,1692750,Cardano,
10-10-2021,137.86,138.745,137.51,138.15,1755382,Cardano,
11-10-2021,137.98,138.31,137.395,138.29,1344010,Cardano,
12-10-2021,138.45,139.38,137.885,138.84,1626644,Cardano,
15-10-2021,139.13,139.71,138.83,139.6,3210305,Cardano,
16-10-2021,140.06,140.39,139.6,140.03,2271826,Cardano,
17-10-2021,139.2,139.32,136.2401,136.33,3558550,Cardano,
18-10-2021,134.77,136.85,132.82,136.54,4158713,Cardano,
19-10-2021,137.18,138.61,136.34,138.43,3721734,Cardano,
22-10-2021,139.38,141.19,138.58,140.86,2515979,Cardano,
23-10-2021,141.16,141.95,140.7,141.52,2123756,Cardano,
24-10-2021,142.18,143.25,141.81,143.12,1700450,Cardano,
25-10-2021,144.16,145.48,143.8,144.85,1731081,Cardano,
26-10-2021,144.93,145.1,143.6744,143.89,1604228,Cardano,
30-10-2021,143.8,144.56,143.501,144.41,1541209,Cardano,
31-10-2021,145.04,145.19,143.41,143.86,2944385,Cardano,
01-11-2021,143.64,144.49,142.93,143.38,2407742,Cardano,
02-11-2021,144.12,145.57,143.86,145.48,2885688,Cardano,
05-11-2021,146.14,146.34,145.51,145.59,1847640,Cardano,
06-11-2021,145.35,146.17,144.73,145.03,2162708,Cardano,
07-11-2021,145.33,145.77,144.4501,145.62,1633788,Cardano,
08-11-2021,145.96,145.97,143.74,144.63,2811529,Cardano,
09-11-2021,145.14,145.585,137.76,140.05,4146195,Cardano,
12-11-2021,135.72,140.64,133.2001,139.25,6772360,Cardano,
13-11-2021,140.79,141.86,140.09,141.09,2871384,Cardano,
14-11-2021,141.29,142.848,138.41,140.25,2831063,Cardano,
15-11-2021,138.63,139.9,136.45,139.52,2804415,Cardano,
16-11-2021,139.35,140.35,138.29,139.84,4205803,Cardano,
19-11-2021,140.79,143.47,140.635,142.35,4356870,Cardano,
20-11-2021,143.21,144.3,142.19,142.91,5454718,Cardano,
21-11-2021,147.08,149.45,144.75,146.24,8251902,Cardano,
22-11-2021,147.15,147.772,145.66,145.69,3688423,Cardano,
23-11-2021,145.75,147.59,145.06,147.41,3418999,Cardano,
26-11-2021,148.06,148.89,146.36,146.96,2775526,Cardano,
27-11-2021,146.33,146.81,144.537,144.54,3018944,Cardano,
28-11-2021,145.01,146.08,143.15,145.81,2507887,Cardano,
29-11-2021,145.06,145.2,141.65,143.24,2653891,Cardano,
30-11-2021,143.87,144.81,142.74,143.44,2331030,Cardano,
03-12-2021,143.73,144.15,140.31,140.41,1785999,Cardano,
05-12-2021,140.65,143.97,140.55,143.21,2229883,Cardano,
06-12-2021,141.73,143.18,140.88,142.75,1803239,Cardano,
07-12-2021,143.07,145.36,142.97,144.22,1533910,Cardano,
10-12-2021,144.21,145.88,143.57,145.34,1615166,Cardano,
11-12-2021,144.99,145.98,144.1201,144.93,1623720,Cardano,
12-12-2021,146,148.19,145.795,147.91,1812076,Cardano,
13-12-2021,147.91,148.48,146.935,147.05,1308298,Cardano,
14-12-2021,147.59,148.48,147.22,148.16,2283797,Cardano,
17-12-2021,148.16,148.73,147.39,148.4,1310503,Cardano,
18-12-2021,148.47,149.96,147.37,149.89,1821006,Cardano,
19-12-2021,149.89,151.32,149.4998,150.92,1880058,Cardano,
20-12-2021,151.07,152.1,150.35,151.94,1565997,Cardano,
21-12-2021,151.16,152.4,150.9102,151.52,1819778,Cardano,
24-12-2021,151.16,151.95,151.035,151.53,1503371,Cardano,
25-12-2021,151.82,151.9041,150.14,150.21,1591824,Cardano,
26-12-2021,150.62,151.83,150.42,151.78,1363141,Cardano,
27-12-2021,151.87,152.37,146.28,148.2,3058653,Cardano,
28-12-2021,147.77,149.24,146.5,148.73,1399378,Cardano,
31-12-2021,148.36,148.91,147.06,148.49,2188446,Cardano,
01-01-2022,149.74,150.9,149.54,150.44,1450208,Cardano,
02-01-2022,149.56,149.6,146.52,149.13,2111962,Cardano,
03-01-2022,149.47,149.98,147.68,149.79,1510606,Cardano,
04-01-2022,150.25,150.62,149.27,149.71,1503967,Cardano,
07-01-2022,149.74,150.9,149.54,150.44,1455629,Cardano,
08-01-2022,150.14,150.86,148.36,149.81,1508819,Cardano,
09-01-2022,148.68,150.4986,148.5,150.35,1177928,Cardano,
10-01-2022,149.23,149.74,146.72,146.92,1902030,Cardano,
11-01-2022,147.25,149.1,146.18,148.47,1382931,Cardano,
14-01-2022,149.81,151.5,149.56,151.16,1171646,Cardano,
15-01-2022,151.56,152.65,150.41,152.36,1144143,Cardano,
16-01-2022,152.7,153.99,151.76,153.8,1454993,Cardano,
17-01-2022,153.66,153.72,150.19,150.23,2125515,Cardano,
18-01-2022,149.74,150.6862,149.12,149.97,1699270,Cardano,
21-01-2022,150.05,151.33,149.57,151.26,1244771,Cardano,
22-01-2022,152.14,154.59,152.14,154.25,1981340,Cardano,
23-01-2022,154.18,154.18,152.75,153.1,1355050,Cardano,
24-01-2022,153.22,153.83,151.17,152.81,1449414,Cardano,
25-01-2022,154,155,152.91,153.45,1182297,Cardano,
28-01-2022,153.87,154.5,153.19,153.79,952634,Cardano,
29-01-2022,152.55,154.76,152.01,154.14,1189025,Cardano,
30-01-2022,154.05,156.26,153.89,155.67,1466023,Cardano,
31-01-2022,156.36,157.36,156.35,157.16,1895012,Cardano,
01-02-2022,157.76,158.06,156.38,157.06,1321354,Cardano,
05-02-2022,156.83,157.41,155.31,156.28,1355637,Cardano,
06-02-2022,157.11,157.555,155.61,155.76,1224415,Cardano,
07-02-2022,156.49,157.885,155.64,157.47,1445446,Cardano,
08-02-2022,157.24,157.88,156.29,157.34,1449921,Cardano,
11-02-2022,158.59,159.89,158.38,158.87,1716002,Cardano,
12-02-2022,158.76,159.2152,156.92,158.31,1766421,Cardano,
13-02-2022,157.88,158.7,157.39,158.24,1363915,Cardano,
14-02-2022,157.37,158.2,156.68,156.95,1676411,Cardano,
15-02-2022,156.9,157.19,155.56,156.49,3012827,Cardano,
18-02-2022,157.01,158.3,156.37,157.77,2581014,Cardano,
19-02-2022,158.3,159.05,157.81,158.6,4014755,Cardano,
20-02-2022,153.99,154.4,151,151.96,9372349,Cardano,
21-02-2022,152.38,153.25,150.3,151.3,4991770,Cardano,
22-02-2022,150.69,151.5,149.85,150.5,2929192,Cardano,
25-02-2022,150.39,150.71,145.95,146.57,4869531,Cardano,
26-02-2022,147.5,148.35,145.96,147.4,3279999,Cardano,
27-02-2022,148.31,149.09,147.7535,148.43,2947616,Cardano,
28-02-2022,148.14,149.32,147.3914,148.83,1666979,Cardano,
01-03-2022,148.69,151.28,148.6,151.18,2181263,Cardano,
02-03-2022,151.79,152.48,149.52,149.94,2341675,Cardano,
03-03-2022,150.48,150.8,149.985,150.6,1808230,Cardano,
04-03-2022,150.21,150.46,148.6,149.95,2885601,Cardano,
05-03-2022,150.49,152.45,149.71,152.25,2413797,Cardano,
06-03-2022,151.96,153.36,151.5301,153.12,2283035,Cardano,
09-03-2022,152.76,153.57,152.25,153.5,1461009,Cardano,
10-03-2022,154,154.86,153.32,154.15,2817634,Cardano,
11-03-2022,154.09,156,153.35,155.65,2791029,Cardano,
12-03-2022,155.72,156.85,155.39,155.61,2430198,Cardano,
13-03-2022,155.96,156.59,155.06,155.93,2515578,Cardano,
16-03-2022,153.15,155.07,151.2811,152.46,3833187,Cardano,
17-03-2022,152.52,152.93,150.15,152.38,3547816,Cardano,
18-03-2022,152.33,155.43,151.03,155,4290952,Cardano,
19-03-2022,167.5,174.15,166.42,173.73,13522647,Cardano,
20-03-2022,173.5,177.87,173.355,177.64,6019417,Cardano,
23-03-2022,177.68,177.85,173.83,174.16,3220819,Cardano,
24-03-2022,173.47,174.49,172.491,173.58,2658582,Cardano,
25-03-2022,172.37,175.41,172.035,173.83,2785660,Cardano,
26-03-2022,174.06,177.02,174.02,175.75,2581170,Cardano,
27-03-2022,176.02,179.58,176.02,179.33,2807111,Cardano,
30-03-2022,179,179.48,176.45,178.03,2124225,Cardano,
31-03-2022,178.16,178.73,176.52,177.16,2656514,Cardano,
01-04-2022,178.59,178.94,176.7,178.25,2002924,Cardano,
02-04-2022,180.02,183.48,177.8,182.94,3262345,Cardano,
03-04-2022,183.76,184.74,181.64,184.3,2244719,Cardano,
06-04-2022,184.01,184.29,182.54,182.8,2022479,Cardano,
07-04-2022,183.23,183.78,182.11,182.88,2544178,Cardano,
08-04-2022,183.19,186.44,183.06,186.06,1791802,Cardano,
09-04-2022,184.88,185.079,181.03,183.92,2703649,Cardano,
10-04-2022,183,184.06,181.83,183.72,2082664,Cardano,
13-04-2022,182.5,184.32,181.75,183.85,1496109,Cardano,
14-04-2022,183.98,184.17,182.31,183.32,1549663,Cardano,
15-04-2022,182.92,183.7275,181.6043,182.08,1980864,Cardano,
16-04-2022,183.18,184.44,182.58,184.3,1961191,Cardano,
17-04-2022,184.08,184.9105,183.135,184.24,1482138,Cardano,
20-04-2022,184.8,185.43,183.34,184.34,1118122,Cardano,
21-04-2022,185.75,187.55,184.835,186.15,2036525,Cardano,
22-04-2022,186.32,186.5,184.62,184.9,1546695,Cardano,
24-04-2022,184.96,186.71,184.96,186.46,662993,Cardano,
27-04-2022,186.83,187.84,186.09,187,1305113,Cardano,
28-04-2022,187.62,188.27,186.37,187.4,1647031,Cardano,
29-04-2022,185.87,186.73,177.31,178.85,4320849,Cardano,
30-04-2022,180.14,183.67,178.5501,183.47,3976331,Cardano,
01-05-2022,181.51,184,179.13,181.52,3016888,Cardano,
04-05-2022,182.34,182.62,170.43,170.44,5931415,Cardano,
05-05-2022,169.69,173.78,167.68,169.54,4698715,Cardano,
06-05-2022,168.79,175.96,167.75,175.52,3773016,Cardano,
07-05-2022,175.46,177.9,174.13,176.61,2442052,Cardano,
08-05-2022,179.08,179.2,175.17,175.57,2101813,Cardano,
11-05-2022,175.77,176.98,175.2,176.31,2776724,Cardano,
12-05-2022,174.69,176.13,172.43,174.54,3924196,Cardano,
13-05-2022,175.5,179.42,175.29,178.83,4591721,Cardano,
14-05-2022,180.26,180.72,176.98,177,4720927,Cardano,
15-05-2022,181.36,181.98,176.3004,179.51,9191681,Cardano,
18-05-2022,180.42,181.15,177.31,178.74,3435389,Cardano,
19-05-2022,178.01,178.76,176.23,176.97,2509531,Cardano,
20-05-2022,178,178,174.92,176.25,2677324,Cardano,
21-05-2022,176.05,177.32,176,176.56,2164455,Cardano,
22-05-2022,175.99,177.1,175.75,177,1702635,Cardano,
26-05-2022,176.36,177,175.03,176.44,918360,Cardano,
27-05-2022,176.65,177.44,175.97,177.36,1527824,Cardano,
28-05-2022,177.92,178,176.85,177.55,1043665,Cardano,
29-05-2022,177.19,178.97,177.1,177.24,1810268,Cardano,
02-06-2022,177.85,179.8,177.26,179.7,2432819,Cardano,
03-06-2022,180,183.89,179.7,183.04,2561218,Cardano,
04-06-2022,183.93,186.0599,183.64,185.22,2211388,Cardano,
05-06-2022,187,187.9,185.54,187.34,2376529,Cardano,
08-06-2022,186.95,187.599,185.83,187.04,2087957,Cardano,
09-06-2022,187.57,188.97,185.9314,188.7,1804428,Cardano,
10-06-2022,187.21,189.27,187.073,189.11,1664490,Cardano,
11-06-2022,189.29,190.94,188.185,190.92,1600070,Cardano,
12-06-2022,191.09,197.5,190.99,197.05,4246049,Cardano,
16-06-2022,197.92,200.21,193.71,194.46,4595565,Cardano,
17-06-2022,196.015,199.12,194.77,198.49,2969474,Cardano,
18-06-2022,198.21,198.586,196.06,198.2,2539361,Cardano,
19-06-2022,198.24,198.63,196.65,197.73,2342984,Cardano,
22-06-2022,197.7,200,196.424,199.84,1701347,Cardano,
23-06-2022,204.29,206.45,201.44,202.09,3980999,Cardano,
24-06-2022,203.82,204.3,198.52,199.78,3250455,Cardano,
25-06-2022,200.08,201.244,198.07,199.51,2574218,Cardano,
26-06-2022,200.5,203.55,200.25,203.3,2338085,Cardano,
29-06-2022,202.11,202.86,199.87,200.23,1938983,Cardano,
30-06-2022,199.25,199.73,196.89,198.9,3343353,Cardano,
01-07-2022,199.13,202.96,198.75,201.76,2747581,Cardano,
01-07-2022,201.12,203.75,200.0845,201.38,2366125,Cardano,
02-07-2022,199.33,201.4,197.44,197.64,2813790,Cardano,
05-07-2022,196.06,200.46,190,192.27,3801351,Cardano,
06-07-2022,188.59,196.82,184.1,196.47,4479965,Cardano,
07-07-2022,195.87,198.24,194.02,194.34,2988029,Cardano,
