date,open,high,low,close,volume,Name
08-02-2013,45.07,45.35,45,45.08,1824755,Polygon
11-02-2013,45.17,45.18,44.45,44.6,2915405,Polygon
12-02-2013,44.81,44.95,44.5,44.62,2373731,Polygon
13-02-2013,44.81,45.24,44.68,44.75,2052338,Polygon
14-02-2013,44.72,44.78,44.36,44.58,3826245,Polygon
15-02-2013,43.48,44.24,42.21,42.25,14657315,Polygon
19-02-2013,42.21,43.12,42.21,43.01,4116141,Polygon
20-02-2013,42.84,42.85,42.225,42.24,3873183,Polygon
21-02-2013,42.14,42.14,41.47,41.63,3415149,Polygon
22-02-2013,41.83,42.07,41.58,41.8,3354862,Polygon
25-02-2013,42.09,42.22,41.29,41.29,3622460,Polygon
26-02-2013,40.62,41.29,40.19,40.97,6185811,Polygon
27-02-2013,40.99,41.905,40.83,41.73,3564385,Polygon
28-02-2013,41.78,42.06,41.45,41.48,3464202,Polygon
01-03-2013,41.18,41.98,40.73,41.93,3089323,Polygon
04-03-2013,41.75,42.18,41.52,42.03,2435306,Polygon
05-03-2013,42.35,43.19,42.34,42.66,3289188,Polygon
06-03-2013,43,43.52,42.9,43.24,2996908,Polygon
07-03-2013,43.3,43.48,42.81,43.25,2414186,Polygon
08-03-2013,43.5,43.52,43.02,43.03,3256301,Polygon
11-03-2013,42.99,43.01,41.73,42.81,5472837,Polygon
12-03-2013,42.8,43,42.59,42.62,3767613,Polygon
13-03-2013,42.56,43.05,42.4,43,2241086,Polygon
14-03-2013,43.03,43.38,43,43.32,2840603,Polygon
15-03-2013,43.1,43.22,42.88,43.01,2579690,Polygon
18-03-2013,42.46,42.7,42.18,42.55,1847766,Polygon
19-03-2013,42.68,42.82,41.59,42,6246443,Polygon
20-03-2013,42.25,42.785,42.22,42.7,3240314,Polygon
21-03-2013,42.45,42.76,41.63,41.65,4409084,Polygon
22-03-2013,41.79,41.79,40.91,41.25,5425027,Polygon
25-03-2013,41.49,41.654,40.79,41.13,2797510,Polygon
26-03-2013,41.4,41.82,41.32,41.82,2513554,Polygon
27-03-2013,41.4,42.19,41.21,42.09,3369968,Polygon
28-03-2013,42.08,42.08,41.4995,41.97,2147900,Polygon
01-04-2013,41.83,41.9771,40.79,40.93,2541331,Polygon
02-04-2013,41.12,41.36,40.59,40.66,2354390,Polygon
03-04-2013,40.63,40.99,40.32,40.52,5278950,Polygon
04-04-2013,40.54,41.47,40.54,41.41,3918841,Polygon
05-04-2013,40.73,41.85,40.67,41.54,4959134,Polygon
08-04-2013,41.44,41.7425,41.17,41.66,2395400,Polygon
09-04-2013,41.73,42.13,41.53,41.65,1659420,Polygon
10-04-2013,41.73,42.37,41.665,42.26,2169261,Polygon
11-04-2013,42.35,43.93,42.3301,43.86,5626492,Polygon
12-04-2013,43.54,44.785,43.43,44.75,6083564,Polygon
15-04-2013,44.5,44.54,42.945,43.04,7750724,Polygon
16-04-2013,43.46,43.75,42.84,43.39,4505330,Polygon
17-04-2013,43.08,43.11,41.93,42.19,4492937,Polygon
18-04-2013,41.77,42.25,41.4798,41.83,3976804,Polygon
19-04-2013,41.89,42.22,41.65,42,3075803,Polygon
22-04-2013,42.03,42.25,41.34,41.85,2340457,Polygon
23-04-2013,42.21,42.8425,42.13,42.61,3522419,Polygon
24-04-2013,42.72,43.035,42.37,42.85,3020692,Polygon
25-04-2013,43.05,43.25,42.66,42.73,2119838,Polygon
26-04-2013,42.44,42.57,40.69,41.3,5283798,Polygon
29-04-2013,41.64,41.68,41.05,41.46,2541961,Polygon
30-04-2013,41.2,41.66,40.95,41.44,3451449,Polygon
01-05-2013,41.42,41.74,41.26,41.31,2726213,Polygon
02-05-2013,41.49,41.72,41.236,41.48,3437642,Polygon
03-05-2013,41.93,42.55,41.54,41.55,4741565,Polygon
06-05-2013,41.44,42.12,41.39,42,2819360,Polygon
07-05-2013,42.18,42.41,41.9,42.4,3524022,Polygon
08-05-2013,42.4,42.95,42.3,42.94,2119765,Polygon
09-05-2013,42.97,43.195,42.63,43.16,3159293,Polygon
10-05-2013,43.12,43.85,43.04,43.63,4662252,Polygon
13-05-2013,43.43,43.56,42.72,43.04,4260335,Polygon
14-05-2013,42.98,44.06,42.882,43.97,6075845,Polygon
15-05-2013,44.9,46.49,44.89,45.68,10289000,Polygon
16-05-2013,45.43,45.84,44.97,44.99,4890962,Polygon
17-05-2013,45.02,45.83,44.99,45.56,3247851,Polygon
20-05-2013,45.48,47.45,45.39,46.34,5698804,Polygon
21-05-2013,46.3,46.96,46.21,46.75,4020941,Polygon
22-05-2013,46.72,47.473,46.07,46.24,5421887,Polygon
23-05-2013,45.7,45.93,45.195,45.74,3777408,Polygon
24-05-2013,45.36,45.69,45.25,45.59,2225361,Polygon
28-05-2013,46.09,46.94,46.09,46.43,4793962,Polygon
29-05-2013,45.98,46.35,45.4,46.05,3621114,Polygon
30-05-2013,46.21,47.05,46.01,46.05,3090824,Polygon
31-05-2013,45.91,46.47,45.43,45.45,4609273,Polygon
03-06-2013,45.65,45.84,45.04,45.51,3677473,Polygon
04-06-2013,46.175,46.45,45.38,45.42,3364296,Polygon
05-06-2013,45.32,45.38,44.5,44.53,2495073,Polygon
06-06-2013,44.5,45.01,44.21,45.01,3781151,Polygon
07-06-2013,45.16,45.92,44.94,45.15,2781171,Polygon
10-06-2013,45.35,45.35,44.485,44.73,2730800,Polygon
11-06-2013,44.22,44.63,44,44.4,3914328,Polygon
12-06-2013,44.78,44.828,43.795,43.92,2730633,Polygon
13-06-2013,43.87,44.56,43.66,44.49,2594941,Polygon
14-06-2013,44.34,44.57,43.85,44,1677669,Polygon
17-06-2013,44.38,44.869,44.185,44.38,2000122,Polygon
18-06-2013,44.38,44.81,44.2701,44.8,2522376,Polygon
19-06-2013,44.74,44.8796,43.5,43.52,5805826,Polygon
20-06-2013,43.11,43.11,41.85,42.32,6307980,Polygon
21-06-2013,42.6,43.23,42.37,42.98,3656145,Polygon
24-06-2013,42.44,42.75,42.07,42.31,2871453,Polygon
25-06-2013,42.01,42.82,42.01,42.48,2939595,Polygon
26-06-2013,43.1,43.29,42.28,42.34,3693707,Polygon
27-06-2013,42.56,43.29,42.52,43.08,3447018,Polygon
28-06-2013,43,43.305,42.73,42.76,5556673,Polygon
01-07-2013,43.05,43.77,42.91,43.59,4283821,Polygon
02-07-2013,43.5,43.89,42.95,43.09,2986405,Polygon
03-07-2013,42.82,43.46,42.72,43.17,1940832,Polygon
05-07-2013,43.46,44.295,43.4,44.23,2100873,Polygon
08-07-2013,44.38,44.67,44.12,44.36,2572391,Polygon
09-07-2013,44.6,44.96,44.34,44.6,3476214,Polygon
10-07-2013,44.64,45.65,44.51,45.31,3277684,Polygon
11-07-2013,45.69,45.98,45.43,45.72,2131803,Polygon
12-07-2013,45.78,45.95,45.5838,45.75,1978819,Polygon
15-07-2013,45.7,46.275,45.68,46.11,2433181,Polygon
16-07-2013,46.09,46.47,45.775,45.91,2026749,Polygon
17-07-2013,45.95,46.1,45.57,45.61,1196543,Polygon
18-07-2013,45.66,46.05,45.55,45.9,1999719,Polygon
19-07-2013,45.83,46.275,45.69,46.2,1179308,Polygon
22-07-2013,46.23,46.85,46.1,46.8,1836733,Polygon
23-07-2013,46.31,46.84,46.31,46.47,2934199,Polygon
24-07-2013,46.67,46.81,46.495,46.76,1831121,Polygon
25-07-2013,46.62,46.9,46.39,46.66,1420233,Polygon
26-07-2013,46.31,46.56,45.4322,45.6,3694988,Polygon
29-07-2013,45.59,45.7,44.98,45.34,1962142,Polygon
30-07-2013,45.55,45.6,44.82,44.85,2791858,Polygon
31-07-2013,45.04,45.3,44.66,44.73,2807402,Polygon
01-08-2013,45.51,46.2,45.32,46.04,2745041,Polygon
02-08-2013,46.06,46.51,45.9901,46.38,2387817,Polygon
05-08-2013,46.26,46.4,45.8,45.94,1875418,Polygon
06-08-2013,45.93,46.215,45.61,46.08,2280909,Polygon
07-08-2013,45.88,46.46,45.62,46.28,1702122,Polygon
08-08-2013,46.5,46.55,45.64,45.85,1702407,Polygon
09-08-2013,45.85,46.46,45.81,46.22,1958449,Polygon
12-08-2013,45.89,46.51,45.72,46.45,1247241,Polygon
13-08-2013,46.45,46.98,46.24,46.92,2078213,Polygon
14-08-2013,46.77,47,46.37,46.51,1989871,Polygon
15-08-2013,47.59,48.17,46.85,46.96,6708341,Polygon
16-08-2013,46.81,47.22,46.52,46.79,3624694,Polygon
19-08-2013,46.63,46.94,46.42,46.44,1727559,Polygon
20-08-2013,46.43,47.2699,46.17,47.03,2294328,Polygon
21-08-2013,46.93,47.24,46.64,46.89,1949054,Polygon
22-08-2013,46.89,48.33,46.8,47.97,3147986,Polygon
23-08-2013,47.96,48,47.54,47.68,1702511,Polygon
26-08-2013,47.64,48.205,47.39,47.6,2012701,Polygon
27-08-2013,47.08,47.39,46.8,46.97,2138064,Polygon
28-08-2013,46.88,46.97,46.51,46.74,1590425,Polygon
29-08-2013,46.63,47.03,46.42,46.8,1900662,Polygon
30-08-2013,46.89,46.98,46.37,46.64,1358573,Polygon
03-09-2013,47.04,47.51,46.615,46.93,1565632,Polygon
04-09-2013,46.93,47.96,46.74,47.87,2522043,Polygon
05-09-2013,47.82,48.09,47.58,47.68,1313188,Polygon
06-09-2013,47.71,47.79,47.13,47.43,1332857,Polygon
09-09-2013,47.59,48.0485,47.29,47.95,1668867,Polygon
10-09-2013,48.04,48.67,48.04,48.55,1821283,Polygon
11-09-2013,48.6,49.02,48.22,48.96,1783424,Polygon
12-09-2013,48.9,48.94,48.49,48.62,1468485,Polygon
13-09-2013,48.6,48.62,48.23,48.46,2141143,Polygon
16-09-2013,49.06,49.18,48.58,48.74,1861513,Polygon
17-09-2013,48.73,49.32,48.62,48.87,1578387,Polygon
18-09-2013,48.77,49.35,48.29,49.32,2044234,Polygon
19-09-2013,52.92,53.47,50.749,50.98,18146408,Polygon
20-09-2013,51.035,52.39,50.98,52.15,10692052,Polygon
23-09-2013,51.91,52.24,51.38,51.67,2716907,Polygon
24-09-2013,51.61,51.92,51.2,51.6,2185721,Polygon
25-09-2013,51.59,52.13,51.44,51.83,2865074,Polygon
26-09-2013,51.96,52.12,51.46,52.09,2680307,Polygon
27-09-2013,51.84,52.1,51.4,51.63,2110103,Polygon
30-09-2013,51.02,51.615,50.75,51.25,2650001,Polygon
01-10-2013,50.7,52.08,50.7,51.9,2997047,Polygon
02-10-2013,51.59,51.71,51.15,51.57,2020794,Polygon
03-10-2013,51.56,51.57,50.91,51.06,1878510,Polygon
04-10-2013,51.17,51.86,51.07,51.78,1867889,Polygon
07-10-2013,51.34,51.59,51.07,51.13,1382107,Polygon
08-10-2013,51.18,51.33,49.89,50.13,2415258,Polygon
09-10-2013,50.23,50.38,49.39,49.95,2430595,Polygon
10-10-2013,50.29,51.2,50.29,50.99,2426300,Polygon
11-10-2013,50.88,51.67,50.66,51.46,1500903,Polygon
14-10-2013,51.2,51.43,50.51,51.36,2110504,Polygon
15-10-2013,51.08,51.19,50.6,50.88,1961896,Polygon
16-10-2013,51.22,51.99,50.94,51.56,2450818,Polygon
17-10-2013,51.25,52.7,51.13,52.65,3548418,Polygon
18-10-2013,52.93,53.24,52.63,52.99,2880870,Polygon
21-10-2013,53.04,53.14,51.9,51.99,2556379,Polygon
22-10-2013,52.1,52.2,50.84,51.02,4280543,Polygon
23-10-2013,50.76,50.88,50.3,50.65,2348591,Polygon
24-10-2013,50.67,51.22,50.67,51.12,1785894,Polygon
25-10-2013,51.34,51.91,51.09,51.87,2398266,Polygon
28-10-2013,51.79,51.98,51.12,51.49,1778672,Polygon
29-10-2013,51.52,51.9,51.23,51.7,1193955,Polygon
30-10-2013,51.76,51.82,50.86,51.15,1360046,Polygon
31-10-2013,51.15,51.33,50.45,50.76,1895510,Polygon
01-11-2013,50.92,51.58,50.84,51.1,1931035,Polygon
04-11-2013,51.39,51.46,50.95,51.21,1409928,Polygon
05-11-2013,51.18,51.36,50.854,51.21,1578131,Polygon
06-11-2013,51.19,51.32,50.8,51.04,1432940,Polygon
07-11-2013,51.08,51.195,49.84,50.05,3548823,Polygon
08-11-2013,50.14,50.94,50.01,50.78,1860654,Polygon
11-11-2013,50.63,51.41,50.518,51.3,1984482,Polygon
12-11-2013,51.2,51.4,50.76,51.2,2357218,Polygon
13-11-2013,50.89,51.3,50.66,51.2,2110086,Polygon
14-11-2013,51.2,51.2,50.36,50.54,2825818,Polygon
15-11-2013,54.03,55.74,53.6902,54.93,11014343,Polygon
18-11-2013,54.45,54.98,53.67,54.05,4131521,Polygon
19-11-2013,53.67,54.19,53.55,53.82,2473023,Polygon
20-11-2013,53.83,54.255,53.465,53.53,2321500,Polygon
21-11-2013,53.8,54.55,53.7,54.1,2417644,Polygon
22-11-2013,54.1,54.3399,53.75,53.85,1910762,Polygon
25-11-2013,54.11,54.13,53.02,53.11,1750170,Polygon
26-11-2013,53.26,53.93,53.23,53.65,3196344,Polygon
27-11-2013,53.78,54,53.64,53.81,1189764,Polygon
29-11-2013,53.85,53.97,53.46,53.57,870409,Polygon
02-12-2013,53.47,53.67,53.11,53.21,1459197,Polygon
03-12-2013,52.92,53.17,52.56,52.93,2478051,Polygon
04-12-2013,52.84,53.83,52.72,53.58,2415795,Polygon
05-12-2013,53.35,53.8,53.115,53.5,1810391,Polygon
06-12-2013,53.76,54.93,53.76,54.83,3053347,Polygon
09-12-2013,54.8,55.43,54.74,55.06,2118503,Polygon
10-12-2013,54.91,55.46,54.63,55.34,2326895,Polygon
11-12-2013,55.35,55.69,54.68,54.84,2349926,Polygon
12-12-2013,54.63,55.52,54.3,55.26,2714297,Polygon
13-12-2013,55.36,55.9,54.9,55.16,2022610,Polygon
16-12-2013,55.25,55.79,55.07,55.24,1685454,Polygon
17-12-2013,55.96,57.29,55.81,56.37,3209227,Polygon
18-12-2013,56.5,57.94,56.37,57.89,4136283,Polygon
19-12-2013,57.57,57.83,57.07,57.38,1893211,Polygon
20-12-2013,57.47,57.67,56.91,56.96,2954031,Polygon
23-12-2013,57.45,57.655,57.12,57.54,1578464,Polygon
24-12-2013,57.5,57.61,57.17,57.23,779696,Polygon
26-12-2013,57.24,57.71,57.24,57.46,714431,Polygon
27-12-2013,57.23,57.42,57.12,57.17,653055,Polygon
30-12-2013,57.05,57.46,56.92,57.32,1127980,Polygon
31-12-2013,57.45,57.55,57.08,57.19,941447,Polygon
02-01-2014,57.1,57.1,56.15,56.21,1916160,Polygon
03-01-2014,56.39,57.345,56.26,56.92,1866651,Polygon
06-01-2014,57.4,57.7,56.56,56.64,1777472,Polygon
07-01-2014,56.95,57.63,56.93,57.45,1463208,Polygon
08-01-2014,57.33,58.54,57.17,58.39,2659468,Polygon
09-01-2014,58.4,58.68,57.87,58.41,1757647,Polygon
10-01-2014,58.51,59.01,58.14,58.93,1623330,Polygon
13-01-2014,58.77,59.1,58.6,58.93,2946738,Polygon
14-01-2014,59.16,59.95,59.02,59.88,2562236,Polygon
15-01-2014,59.82,60.365,59.585,60.34,2335194,Polygon
16-01-2014,60.24,60.5,60.04,60.5,1835957,Polygon
17-01-2014,60.83,60.83,60.33,60.71,1699534,Polygon
21-01-2014,60.69,60.88,59.86,60.85,3008458,Polygon
22-01-2014,60.82,61.22,60.71,60.93,2769350,Polygon
23-01-2014,60.48,60.51,59.405,59.47,3063559,Polygon
24-01-2014,59.22,59.46,57.71,57.87,2656341,Polygon
27-01-2014,57.9,58.37,56.98,58.3,4669012,Polygon
28-01-2014,58.5,58.88,57.91,58.1,2536290,Polygon
29-01-2014,57.67,58.2174,57.41,57.65,2163031,Polygon
30-01-2014,58.42,60.11,58.42,59.51,3743153,Polygon
31-01-2014,58.61,59.15,58.05,58.15,3529054,Polygon
03-02-2014,58.15,58.48,56.075,56.15,2929252,Polygon
04-02-2014,56.32,57.88,56.09,57.81,2911877,Polygon
05-02-2014,57.58,57.7,56.96,57.43,2283870,Polygon
06-02-2014,57.51,58.35,57.46,58.29,1609451,Polygon
07-02-2014,58.46,59.465,58.13,59.42,1975290,Polygon
10-02-2014,59.27,59.44,58.29,59.01,1760468,Polygon
11-02-2014,59,60,58.88,59.73,2148202,Polygon
12-02-2014,60,60.46,59.67,59.89,2347270,Polygon
13-02-2014,59.45,60.38,59.37,60.08,3097011,Polygon
14-02-2014,57.15,57.77,54.87,55.25,17862776,Polygon
18-02-2014,55.38,56.04,54.96,55.15,6553839,Polygon
19-02-2014,55.01,56.65,54.9,55.94,4838795,Polygon
20-02-2014,56.14,57.535,56.045,57.29,4629755,Polygon
21-02-2014,57.25,57.4,56.32,56.34,2407171,Polygon
24-02-2014,56.45,56.98,56.4,56.75,2392783,Polygon
25-02-2014,56.8,57.57,56.75,56.89,3375173,Polygon
26-02-2014,56.98,57.62,56.75,57.1,2400946,Polygon
27-02-2014,57.02,57.28,56.19,56.36,3123781,Polygon
28-02-2014,56.45,57.11,56.4,56.93,2876261,Polygon
03-03-2014,56.12,57.12,55.785,56.71,2488373,Polygon
04-03-2014,57.22,58,56.98,57.78,2841919,Polygon
05-03-2014,57.71,58,57.555,57.8,3113546,Polygon
06-03-2014,58.39,59.32,58.14,58.77,5178833,Polygon
07-03-2014,59.06,59.2,57.52,58.42,3247154,Polygon
10-03-2014,58.29,58.34,57.6,58.15,2563418,Polygon
11-03-2014,58.23,58.3,56.5,56.86,3421731,Polygon
12-03-2014,56.52,57.08,56.01,57.06,1652324,Polygon
13-03-2014,57.16,57.4,55.77,55.85,2318832,Polygon
14-03-2014,55.61,55.98,55.23,55.44,1745218,Polygon
17-03-2014,55.68,56.41,55.48,55.8,1437471,Polygon
18-03-2014,55.97,56.81,55.84,56.79,1294681,Polygon
19-03-2014,56.72,57.15,56.18,56.63,1804350,Polygon
20-03-2014,56.54,56.93,56.16,56.7,1808447,Polygon
21-03-2014,57.18,57.78,55.96,56.09,2762931,Polygon
24-03-2014,56.08,56.23,54.66,55.26,1985703,Polygon
25-03-2014,55.5,56.21,54.98,55.16,1727269,Polygon
26-03-2014,55.4,55.99,55.16,55.17,2560731,Polygon
27-03-2014,55.6,55.6,54.22,54.69,2972614,Polygon
28-03-2014,54.85,55.25,54.42,54.69,2006941,Polygon
31-03-2014,54.97,56.05,54.57,55.92,2190772,Polygon
01-04-2014,56.2,56.62,55.835,56.36,2090720,Polygon
02-04-2014,56.42,56.7,56.2,56.67,1919493,Polygon
03-04-2014,56.77,57.14,56.27,56.6,1603010,Polygon
04-04-2014,57.1,57.24,55.55,55.57,2307668,Polygon
07-04-2014,55.56,55.66,53.94,54.35,2584538,Polygon
08-04-2014,54.21,55,53.82,54.66,1842491,Polygon
09-04-2014,55.44,55.61,54.375,55.57,2017519,Polygon
10-04-2014,55.57,55.637,53.9,54.05,1966409,Polygon
11-04-2014,53.69,54.05,52.65,52.77,2591968,Polygon
14-04-2014,53.19,53.249,52.3075,52.65,2840577,Polygon
15-04-2014,52.84,53.36,51.96,53.11,2172515,Polygon
16-04-2014,53.55,53.77,53.25,53.68,1243513,Polygon
17-04-2014,53.74,54.89,53.61,54.65,2061997,Polygon
21-04-2014,54.61,54.8,54.33,54.69,1185867,Polygon
22-04-2014,54.7,55.6,54.53,54.97,1475541,Polygon
23-04-2014,54.85,55.2,54.571,55.01,894232,Polygon
24-04-2014,55.23,55.52,54.56,55.28,1806441,Polygon
25-04-2014,55.25,55.25,54.07,54.39,1580495,Polygon
28-04-2014,54.85,54.93,52.86,53.73,3009046,Polygon
29-04-2014,53.29,53.55,51.97,53.3,3359741,Polygon
30-04-2014,53.43,54.07,53.02,54.04,1678627,Polygon
01-05-2014,53.94,54.87,53.66,54.47,1472407,Polygon
02-05-2014,54.5,54.99,54.09,54.54,2080946,Polygon
05-05-2014,54.31,55.345,53.888,55.33,2087256,Polygon
06-05-2014,55.08,55.45,54.46,55.01,2224227,Polygon
07-05-2014,55.13,55.13,54.27,55.03,2219204,Polygon
08-05-2014,55.03,56.14,54.69,55.3,2209139,Polygon
09-05-2014,55.26,55.63,54.81,55.39,1287905,Polygon
12-05-2014,55.58,56.62,55.47,56.41,2042132,Polygon
13-05-2014,56.63,56.98,56.4,56.83,1465527,Polygon
14-05-2014,56.78,56.79,55.7,55.85,2591684,Polygon
15-05-2014,54.6,56.15,53.75,54.49,5740663,Polygon
16-05-2014,54.39,55.13,53.92,55.03,2405753,Polygon
19-05-2014,54.9,55.226,54.7,54.97,2742131,Polygon
20-05-2014,54.87,54.96,54.209,54.31,1840126,Polygon
21-05-2014,54.58,55.14,54.44,54.99,1102300,Polygon
22-05-2014,55,55.71,54.89,55.54,1686139,Polygon
23-05-2014,55.65,56.22,55.175,56.18,3510829,Polygon
27-05-2014,56.31,56.5,56.03,56.28,1190619,Polygon
28-05-2014,56.41,57.23,56.31,57.11,1807185,Polygon
29-05-2014,57.18,57.38,56.64,56.96,1558720,Polygon
30-05-2014,56.87,57.11,56.24,56.94,2547039,Polygon
02-06-2014,56.96,56.99,56.3,56.89,1274846,Polygon
03-06-2014,56.73,57.49,56.68,57.22,1842298,Polygon
04-06-2014,57.02,57.48,56.96,57.45,1145664,Polygon
05-06-2014,57.45,58.75,57.41,58.6,1833063,Polygon
06-06-2014,58.58,59.28,58.37,59.01,1285879,Polygon
09-06-2014,59,59.58,58.7,59.28,1188782,Polygon
10-06-2014,59.16,59.25,58.58,58.89,1267805,Polygon
11-06-2014,58.33,59.13,58.31,58.91,1410610,Polygon
12-06-2014,58.9,59,58.2,58.4,1677989,Polygon
13-06-2014,58.53,58.87,58.18,58.5,1054865,Polygon
16-06-2014,58.57,58.86,58.15,58.32,1174434,Polygon
17-06-2014,58.27,59.2,58.1901,58.87,1328510,Polygon
18-06-2014,58.86,59.32,58.53,59.27,1114749,Polygon
19-06-2014,59.2,59.54,58.15,58.62,3149546,Polygon
20-06-2014,57.84,59.055,57.84,58.77,2029378,Polygon
23-06-2014,58.71,58.86,57.97,58.11,1435625,Polygon
24-06-2014,58.03,58.49,57.58,57.65,1125825,Polygon
25-06-2014,57.61,58.1,57.41,57.97,1060501,Polygon
26-06-2014,57.99,58.06,57.4,57.82,1102367,Polygon
27-06-2014,57.52,58.14,57.175,57.5,1519046,Polygon
30-06-2014,57.5,57.76,57.18,57.44,1314906,Polygon
01-07-2014,57.74,58.44,57.38,58.25,2010785,Polygon
02-07-2014,58.13,58.59,57.78,58.05,1414957,Polygon
03-07-2014,58.19,58.54,58.021,58.46,600744,Polygon
07-07-2014,58.2,58.25,57.85,58.12,949243,Polygon
08-07-2014,57.84,57.925,56.92,57.15,1615912,Polygon
09-07-2014,57.05,57.08,56.52,56.9,1278504,Polygon
10-07-2014,56.41,56.63,56.01,56.49,1189340,Polygon
11-07-2014,56.33,56.74,56.15,56.6,1183288,Polygon
14-07-2014,56.92,57.07,56.6175,56.82,1487761,Polygon
15-07-2014,56.7,56.88,56.15,56.66,2094496,Polygon
16-07-2014,56.88,57.1,56.83,56.96,1868521,Polygon
17-07-2014,56.47,56.5,55.135,55.15,4404085,Polygon
18-07-2014,55.42,56.25,55.29,56.15,1706174,Polygon
21-07-2014,55.86,56.945,55.79,56.71,1983914,Polygon
22-07-2014,57,58.17,56.95,57.72,2411722,Polygon
23-07-2014,58.11,58.31,57.445,57.47,1453645,Polygon
24-07-2014,57.6,57.74,56.71,56.84,2534358,Polygon
25-07-2014,56.52,56.735,56.35,56.53,1719615,Polygon
28-07-2014,56.49,56.53,55.89,56.29,1510223,Polygon
29-07-2014,56.29,56.36,55.875,56.03,2003109,Polygon
30-07-2014,56.22,56.805,56.02,56.78,1371335,Polygon
31-07-2014,56.22,56.58,55.83,56.09,2708121,Polygon
01-08-2014,56.19,56.4,55.59,56.26,957560,Polygon
04-08-2014,56.19,56.4,55.59,56.26,957560,Polygon
05-08-2014,55.9,56.11,55.1,55.24,1733728,Polygon
06-08-2014,55.23,55.72,54.9,55.59,1568834,Polygon
07-08-2014,55.98,56,54.98,55.05,1628472,Polygon
08-08-2014,55.31,55.32,54.86,55.24,1766002,Polygon
11-08-2014,55.44,55.65,55.06,55.2,1252725,Polygon
12-08-2014,54.99,55.07,54.3,54.34,2642075,Polygon
13-08-2014,54.48,54.97,54.189,54.78,1721261,Polygon
14-08-2014,54.78,55.63,54.45,55.62,3478558,Polygon
15-08-2014,58.95,59.06,57.35,57.58,5578794,Polygon
18-08-2014,57.75,58.62,57.35,58.52,2761606,Polygon
19-08-2014,58.52,58.75,58.16,58.56,1192963,Polygon
20-08-2014,58.32,58.41,57.94,58.33,1846569,Polygon
21-08-2014,58.36,58.48,57.97,57.99,1228385,Polygon
22-08-2014,57.9,58.04,57.48,57.64,1439567,Polygon
25-08-2014,57.88,58.15,57.58,57.74,967137,Polygon
26-08-2014,57.75,57.9,57.5377,57.85,888727,Polygon
27-08-2014,58,58,57.29,57.38,1193004,Polygon
28-08-2014,57.14,57.53,56.98,57.15,1395449,Polygon
29-08-2014,57.33,57.5,57.08,57.16,1979934,Polygon
02-09-2014,57.23,58.1,57.23,58.07,2015566,Polygon
03-09-2014,58.21,58.46,57.88,58.06,1478032,Polygon
04-09-2014,58.12,58.49,57.6,57.69,790594,Polygon
05-09-2014,57.58,58.05,57.3,57.92,908184,Polygon
08-09-2014,57.72,57.96,57.495,57.65,1345766,Polygon
09-09-2014,57.69,57.8,57.45,57.45,1286053,Polygon
10-09-2014,57.6,57.83,57.175,57.69,1477856,Polygon
11-09-2014,57.52,57.72,57.41,57.59,995855,Polygon
12-09-2014,57.61,58.63,57.61,58.6,2590395,Polygon
15-09-2014,58.5,58.5,57.74,57.92,1621086,Polygon
16-09-2014,57.82,58.11,57.37,57.91,1379832,Polygon
17-09-2014,58,58.99,57.92,58.89,2710468,Polygon
18-09-2014,59.2,59.4,58.31,58.4,2867046,Polygon
19-09-2014,58.82,58.98,58.1,58.25,2173992,Polygon
22-09-2014,58.13,58.19,57.27,57.55,1686631,Polygon
23-09-2014,57.25,57.48,56.91,56.98,1632282,Polygon
24-09-2014,56.88,58.04,56.78,57.96,1650529,Polygon
25-09-2014,57.86,57.99,56.89,56.89,1629584,Polygon
26-09-2014,56.79,56.94,56.07,56.5,2218441,Polygon
29-09-2014,56.04,57.179,55.92,57.15,1626565,Polygon
30-09-2014,57.21,57.4,56.82,56.98,2120557,Polygon
01-10-2014,56.85,56.93,56.18,56.2,2481276,Polygon
02-10-2014,56.13,56.24,55.29,55.83,1708052,Polygon
03-10-2014,56.23,57.01,56.16,56.91,1577280,Polygon
06-10-2014,57.06,57.16,56.43,56.57,1157370,Polygon
07-10-2014,56.25,56.33,55,55,1515558,Polygon
08-10-2014,55.06,56.52,54.8,56.46,2124682,Polygon
09-10-2014,56.28,56.28,55.03,55.03,2526263,Polygon
10-10-2014,54.91,55.02,53.42,53.64,5133638,Polygon
13-10-2014,53.73,54.23,52.73,52.79,2527277,Polygon
14-10-2014,53.04,53.39,51.77,51.79,3972861,Polygon
15-10-2014,50.87,51.88,49.8,51.79,4723905,Polygon
16-10-2014,50.78,52.12,50.55,51.71,5362096,Polygon
17-10-2014,52.17,53.41,52.02,52.27,3810818,Polygon
20-10-2014,52.07,52.38,50.86,52.35,4942206,Polygon
21-10-2014,52.86,54.03,52.86,54,2231876,Polygon
22-10-2014,53.77,53.86,52.99,53.05,2161086,Polygon
23-10-2014,53.59,54.21,53.59,53.71,1754719,Polygon
24-10-2014,53.7,54.11,53.51,54.05,1508194,Polygon
27-10-2014,53.94,54.11,53.6,53.99,1105293,Polygon
28-10-2014,54.12,54.67,53.88,54.66,1714329,Polygon
29-10-2014,54.59,54.68,54.13,54.5,1484268,Polygon
30-10-2014,53.91,54.38,53.75,54.32,2504261,Polygon
31-10-2014,55.21,55.41,54.85,55.28,2087828,Polygon
03-11-2014,39.9,41.24,39.49,40.84,4559916,Polygon
04-11-2014,40.26,40.83,39.84,40.18,5765189,Polygon
05-11-2014,40.61,40.67,39.98,40.13,2341387,Polygon
06-11-2014,40.39,41.405,40.26,41.37,2968264,Polygon
07-11-2014,41.39,41.48,40.86,40.93,2458734,Polygon
10-11-2014,40.98,41.55,40.88,41.53,2583931,Polygon
11-11-2014,41.52,42.11,41.34,41.66,2163823,Polygon
12-11-2014,41.3,41.54,41.02,41.45,2504261,Polygon
13-11-2014,41.55,41.74,41.26,41.45,1805461,Polygon
14-11-2014,41.36,41.65,41.29,41.57,1331282,Polygon
17-11-2014,41.57,41.7,41.21,41.24,2697164,Polygon
18-11-2014,40.25,41.16,40.05,40.8,5891377,Polygon
19-11-2014,40.82,41.33,40.7,40.8,4012147,Polygon
20-11-2014,40.56,41.427,40.56,41.26,2303826,Polygon
21-11-2014,41.75,42.38,41.7,42.25,5306170,Polygon
24-11-2014,42.44,42.5,41.99,42.25,2122424,Polygon
25-11-2014,42.33,42.87,42.31,42.71,2713879,Polygon
26-11-2014,42.68,42.865,42.53,42.74,1752695,Polygon
28-11-2014,42.74,42.985,42.59,42.74,1091780,Polygon
01-12-2014,42.69,42.73,41.58,41.59,4411159,Polygon
02-12-2014,41.6,42.1,41.55,41.98,2014436,Polygon
03-12-2014,41.98,42.37,41.82,42.23,2250275,Polygon
04-12-2014,42.15,42.68,42.02,42.27,1346823,Polygon
05-12-2014,42.23,42.49,42.08,42.3,1019549,Polygon
08-12-2014,42.23,42.51,41.415,41.51,1425753,Polygon
09-12-2014,40.99,41.43,40.98,41.4,1803210,Polygon
10-12-2014,41.36,41.36,40.31,40.34,2654911,Polygon
11-12-2014,40.5,41.18,40.49,40.62,1640864,Polygon
12-12-2014,40.2,40.62,39.71,39.72,2335765,Polygon
15-12-2014,40.07,40.17,38.65,38.68,4510349,Polygon
16-12-2014,38.3,39.48,38.1,38.47,3849394,Polygon
17-12-2014,38.34,39.99,38.09,39.76,3508188,Polygon
18-12-2014,40.48,40.8,40.11,40.7,3104066,Polygon
19-12-2014,40.9,41.43,40.86,41.38,3736336,Polygon
22-12-2014,41.38,41.88,41.38,41.88,1590221,Polygon
23-12-2014,41.98,42.01,41.36,41.37,1872341,Polygon
24-12-2014,41.42,41.525,40.96,41.13,1426901,Polygon
26-12-2014,41.34,41.57,41.29,41.38,588034,Polygon
29-12-2014,41.36,41.57,41.312,41.33,976423,Polygon
30-12-2014,41.21,41.59,41.14,41.37,1323452,Polygon
31-12-2014,41.39,41.79,40.9,40.94,1423993,Polygon
02-01-2015,41.18,41.31,40.37,40.56,1530798,Polygon
05-01-2015,40.32,40.46,39.7,39.8,2042240,Polygon
06-01-2015,39.81,40.02,39.02,39.18,2084562,Polygon
07-01-2015,39.52,39.81,39.29,39.7,3359660,Polygon
08-01-2015,40.24,40.98,40.18,40.89,2116341,Polygon
09-01-2015,41,41,40.29,40.59,1644939,Polygon
12-01-2015,40.61,40.72,39.95,40.11,2771191,Polygon
13-01-2015,40.47,40.7,39.33,39.55,2013474,Polygon
14-01-2015,39.03,39.1,38.21,39.06,5134006,Polygon
15-01-2015,39.33,39.408,37.99,38.01,2630296,Polygon
16-01-2015,37.83,38.46,37.76,38.25,3003980,Polygon
20-01-2015,38.43,38.66,37.76,37.93,5033605,Polygon
21-01-2015,37.75,38.41,37.68,38.16,2721609,Polygon
22-01-2015,38.51,39.86,38.12,39.65,4856573,Polygon
23-01-2015,39.6,39.6,38.76,38.81,1519250,Polygon
26-01-2015,38.79,39.17,38.47,39.15,1511214,Polygon
27-01-2015,38.7,39.25,38.58,38.75,1703508,Polygon
28-01-2015,39.01,39.05,37.96,38,2033523,Polygon
29-01-2015,38,38.47,37.69,38.46,2329983,Polygon
30-01-2015,38.01,38.32,37.71,37.77,3054313,Polygon
02-02-2015,37.9,38.76,37.71,38.69,2508493,Polygon
03-02-2015,39.04,39.63,38.92,39.62,2950375,Polygon
04-02-2015,39.33,39.46,38.82,39.11,2567439,Polygon
05-02-2015,39.22,39.82,39.22,39.53,1826367,Polygon
06-02-2015,39.54,39.81,39.225,39.34,2697212,Polygon
09-02-2015,39.23,39.43,38.95,39.04,3586102,Polygon
10-02-2015,39.31,39.76,38.78,39.67,1408747,Polygon
11-02-2015,39.64,39.81,39.2326,39.33,3337005,Polygon
12-02-2015,39.58,40.06,39.53,40.02,1317705,Polygon
13-02-2015,39.97,40.31,39.91,40.15,2211931,Polygon
17-02-2015,40.01,40.53,39.76,40.52,2875788,Polygon
18-02-2015,41.12,42.2,40.91,41.54,9007218,Polygon
19-02-2015,41.4,41.57,41.04,41.15,3737331,Polygon
20-02-2015,41.09,42.11,40.88,41.95,2971880,Polygon
23-02-2015,41.89,41.96,41.49,41.73,1967913,Polygon
24-02-2015,41.62,42.105,41.6,42.06,1922102,Polygon
25-02-2015,42.34,42.49,42.09,42.2,2343479,Polygon
26-02-2015,42.23,42.38,42,42.36,1505418,Polygon
27-02-2015,42.3,42.36,42.045,42.21,1676351,Polygon
02-03-2015,42.34,42.74,42.34,42.7,1847082,Polygon
03-03-2015,42.45,42.57,42.14,42.26,1635437,Polygon
04-03-2015,41.95,42.16,41.73,42,1305992,Polygon
05-03-2015,41.99,42.24,41.84,42.22,1376468,Polygon
06-03-2015,41.95,42.05,41.49,41.53,1528564,Polygon
09-03-2015,41.54,41.89,41.435,41.74,1492378,Polygon
10-03-2015,41.22,41.27,40.63,40.63,1961299,Polygon
11-03-2015,40.79,41.125,40.67,40.85,2064355,Polygon
12-03-2015,40.99,41.24,40.97,41.1,2719895,Polygon
13-03-2015,40.96,41.4562,40.515,40.87,4704560,Polygon
16-03-2015,41.16,41.83,41.11,41.81,2551437,Polygon
17-03-2015,41.52,41.69,41.06,41.58,1504881,Polygon
18-03-2015,41.45,42.38,41.17,42.12,1295556,Polygon
19-03-2015,42.05,42.25,41.82,42.21,1085684,Polygon
20-03-2015,42.39,42.53,42.2,42.21,2315472,Polygon
23-03-2015,42.12,42.44,42,42.2,1835393,Polygon
24-03-2015,42.13,42.13,41.01,41.09,3625952,Polygon
25-03-2015,41.17,41.695,40.79,40.81,2776181,Polygon
26-03-2015,40.68,40.97,40.3703,40.7,1573740,Polygon
27-03-2015,40.6,41.18,40.58,41.11,1932749,Polygon
30-03-2015,41.52,41.86,41.32,41.72,2064181,Polygon
31-03-2015,41.28,41.78,41.102,41.55,1659179,Polygon
01-04-2015,41.46,41.52,40.72,41.39,2170331,Polygon
02-04-2015,41.47,42.13,41.33,42.05,2135918,Polygon
06-04-2015,41.68,42.2,41.51,41.93,2379808,Polygon
07-04-2015,41.94,42.52,41.87,42.44,3072418,Polygon
08-04-2015,42.43,42.59,42.025,42.26,2443178,Polygon
09-04-2015,42.16,42.59,42.07,42.49,1332519,Polygon
10-04-2015,42.8,43.56,42.57,43.55,3370597,Polygon
13-04-2015,43.59,43.59,42.99,43.04,3708641,Polygon
14-04-2015,42.96,43.2,42.58,43.07,1777705,Polygon
15-04-2015,43.28,43.56,43.18,43.38,1445622,Polygon
16-04-2015,43.14,43.36,43.06,43.13,1070232,Polygon
17-04-2015,42.74,43.05,42.6,42.98,2333369,Polygon
20-04-2015,43.33,43.44,43.15,43.19,1410574,Polygon
21-04-2015,43.42,43.5,42.87,42.89,1719710,Polygon
22-04-2015,42.72,42.84,42.37,42.71,2726140,Polygon
23-04-2015,42.42,42.86,42.24,42.62,3973179,Polygon
24-04-2015,42.71,42.81,42.42,42.49,2200155,Polygon
27-04-2015,42.74,42.77,41.965,41.98,2298298,Polygon
28-04-2015,41.87,42.31,41.57,42.18,1803453,Polygon
29-04-2015,42.04,42.2,41.44,41.96,2160963,Polygon
30-04-2015,41.83,41.94,41.11,41.37,1726312,Polygon
01-05-2015,41.41,41.93,41.24,41.83,1880177,Polygon
04-05-2015,41.88,42.08,41.7,41.94,1073820,Polygon
05-05-2015,41.72,41.85,41.455,41.59,1254801,Polygon
06-05-2015,41.86,41.86,41.36,41.59,934611,Polygon
07-05-2015,41.59,41.85,41.31,41.8,999682,Polygon
08-05-2015,42.23,42.53,42.21,42.5,1034717,Polygon
11-05-2015,42.39,42.83,42.39,42.62,975490,Polygon
12-05-2015,42.36,42.5,41.5,41.91,2617833,Polygon
13-05-2015,42.05,42.39,41.71,41.81,1992774,Polygon
14-05-2015,42.18,42.2251,41.87,42.05,2883667,Polygon
15-05-2015,42.14,42.26,41.99,42.04,2147413,Polygon
18-05-2015,42.05,42.7,41.98,42.63,1966147,Polygon
19-05-2015,41.57,42.83,41.5,42.37,5277345,Polygon
20-05-2015,42.5,42.8378,42.43,42.61,2652326,Polygon
21-05-2015,42.57,42.73,42.2,42.32,2126257,Polygon
22-05-2015,42.27,42.67,42.07,42.5,1484752,Polygon
26-05-2015,42.48,42.63,41.985,42.06,1919645,Polygon
27-05-2015,42.27,42.93,42.1,42.61,2507443,Polygon
28-05-2015,42.45,42.71,41.35,41.75,3347403,Polygon
29-05-2015,41.79,41.83,40.82,41.19,5022554,Polygon
01-06-2015,41.43,41.43,40.85,40.92,2440065,Polygon
02-06-2015,40.94,41.14,40.67,41.11,2947454,Polygon
03-06-2015,41.31,41.36,40.94,41.1,2722286,Polygon
04-06-2015,40.89,41.08,40.01,40.54,4091870,Polygon
05-06-2015,40.54,40.67,40.2,40.31,1760467,Polygon
08-06-2015,40.26,40.35,39.91,39.95,1353411,Polygon
09-06-2015,39.93,40.33,39.8303,40.12,1439015,Polygon
10-06-2015,40.4,40.59,40.27,40.52,1789330,Polygon
11-06-2015,40.57,40.6,40.29,40.53,1576987,Polygon
12-06-2015,40.33,40.49,39.735,39.84,2769551,Polygon
15-06-2015,39.63,39.63,39.25,39.52,2361878,Polygon
16-06-2015,39.59,39.81,39.38,39.79,1422563,Polygon
17-06-2015,39.76,39.8,39.32,39.6,1519421,Polygon
18-06-2015,39.8,40.055,39.72,39.9,1865267,Polygon
19-06-2015,39.8,39.94,39.49,39.49,2658779,Polygon
22-06-2015,39.81,40.01,39.73,39.81,3909250,Polygon
23-06-2015,39.89,39.95,39.42,39.6,2053553,Polygon
24-06-2015,39.47,40.45,39.025,40.19,6127695,Polygon
25-06-2015,39.8,40.52,39.38,40.05,5265822,Polygon
26-06-2015,40,40.17,39.775,40.02,3350458,Polygon
29-06-2015,39.6,39.8,38.74,38.74,2516360,Polygon
30-06-2015,39.08,39.19,38.48,38.58,3037436,Polygon
01-07-2015,38.89,39.295,38.75,39.26,4486572,Polygon
02-07-2015,39.36,39.64,39.15,39.58,2160799,Polygon
06-07-2015,39.11,39.66,39.08,39.36,2509428,Polygon
07-07-2015,39.53,39.79,39.1359,39.79,2927761,Polygon
08-07-2015,39.48,39.48,38.71,38.75,3390976,Polygon
09-07-2015,39.27,39.33,38.91,38.92,2237945,Polygon
10-07-2015,39.29,39.44,39.155,39.4,2107093,Polygon
13-07-2015,39.72,40,39.54,39.96,1579730,Polygon
14-07-2015,40.05,40.66,39.89,40.49,2801301,Polygon
15-07-2015,40.42,40.52,40.02,40.13,2247745,Polygon
16-07-2015,40.36,40.44,40.12,40.34,1826485,Polygon
17-07-2015,40.2,40.33,39.84,39.95,2412373,Polygon
20-07-2015,40.06,40.13,39.95,40.06,1155252,Polygon
21-07-2015,39.97,40.01,39.54,39.57,1160904,Polygon
22-07-2015,39.29,40.42,39.29,40.33,2949376,Polygon
23-07-2015,40.37,40.37,40.01,40.25,1708801,Polygon
24-07-2015,40.11,40.17,39.22,39.31,1844946,Polygon
27-07-2015,39.04,39.65,38.61,39.61,5261424,Polygon
28-07-2015,40,40.47,39.5,40.45,2768225,Polygon
29-07-2015,40.5,40.73,40.24,40.4,2014066,Polygon
30-07-2015,40.26,41.05,40.07,40.97,2440415,Polygon
31-07-2015,41.05,41.14,40.78,40.95,2247715,Polygon
03-08-2015,40.92,41.13,40.58,41,2104591,Polygon
04-08-2015,40.94,41.35,40.55,40.62,1448062,Polygon
05-08-2015,40.94,41.19,40.69,40.72,949479,Polygon
06-08-2015,40.95,40.96,39.91,40.12,1932226,Polygon
07-08-2015,40.14,40.2099,39.63,39.99,1513076,Polygon
10-08-2015,40.24,40.64,40.16,40.47,1554542,Polygon
11-08-2015,40.19,40.19,39.3,39.42,1575708,Polygon
12-08-2015,39.05,39.11,38.27,38.89,3440282,Polygon
13-08-2015,38.94,38.94,38.46,38.56,2848895,Polygon
14-08-2015,38.62,38.73,38.32,38.65,2632739,Polygon
17-08-2015,38.36,39.015,38.12,38.82,3302058,Polygon
18-08-2015,39.11,40.35,39,39.02,6416891,Polygon
19-08-2015,38.69,38.805,38.3,38.4,2730429,Polygon
20-08-2015,38.01,38.31,37.5,37.51,2145028,Polygon
21-08-2015,37.13,37.495,36.175,36.23,3828206,Polygon
24-08-2015,33.87,36.01,33.57,34.68,4114990,Polygon
25-08-2015,35.68,36.17,34.3,34.36,3802732,Polygon
26-08-2015,35.36,35.7,34.47,35.62,3233814,Polygon
27-08-2015,36.17,36.67,35.89,36.64,2406297,Polygon
28-08-2015,36.45,36.66,36.15,36.51,1783861,Polygon
31-08-2015,36.44,36.5525,35.95,36.31,2554666,Polygon
01-09-2015,35.3,35.58,34.57,34.75,2954093,Polygon
02-09-2015,35.41,35.53,34.88,35.53,2119191,Polygon
03-09-2015,35.61,36.12,35.525,35.75,2140822,Polygon
04-09-2015,35.04,35.51,34.9,35.06,2819027,Polygon
08-09-2015,35.82,36.25,35.51,36.21,1787408,Polygon
09-09-2015,36.5,36.8,35.44,35.54,1885293,Polygon
10-09-2015,35.61,36.04,35.44,35.86,1628726,Polygon
11-09-2015,35.66,35.96,35.44,35.96,1443721,Polygon
14-09-2015,35.92,36.09,35.32,35.55,2223319,Polygon
15-09-2015,35.75,36.295,35.51,36.15,1752721,Polygon
16-09-2015,36.15,36.865,36.06,36.52,2130117,Polygon
17-09-2015,36.63,36.99,36.29,36.4,1819067,Polygon
18-09-2015,35.86,36.22,35.585,35.74,3352296,Polygon
21-09-2015,35.96,36.07,35.41,35.69,2640363,Polygon
22-09-2015,35.19,35.33,34.94,35.05,2283337,Polygon
23-09-2015,35.1,35.24,34.81,34.95,1962552,Polygon
24-09-2015,34.56,34.64,34.15,34.55,2028940,Polygon
25-09-2015,34.7,35.02,34.1,34.45,2730672,Polygon
28-09-2015,34.13,34.27,33.32,33.37,2615440,Polygon
29-09-2015,33.36,34.06,33.245,33.74,2252364,Polygon
30-09-2015,34.08,34.43,33.67,34.33,2545749,Polygon
01-10-2015,34.32,34.48,33.48,33.74,3011460,Polygon
02-10-2015,33.18,34.68,33.115,34.67,3519448,Polygon
05-10-2015,35.04,35.39,34.84,35.34,1675429,Polygon
06-10-2015,35.13,35.21,34.53,34.9,1833679,Polygon
07-10-2015,35.2,35.78,35.1,35.54,3089575,Polygon
08-10-2015,35.39,36.07,35.34,36.01,2598314,Polygon
09-10-2015,35.94,36.34,35.88,36.23,3232938,Polygon
12-10-2015,36.08,36.1786,35.86,35.99,1349866,Polygon
13-10-2015,35.76,36.24,35.53,35.63,2383212,Polygon
14-10-2015,35.64,35.77,34.97,35.05,1647407,Polygon
15-10-2015,35.12,35.68,34.79,35.58,1432995,Polygon
16-10-2015,35.69,36.02,35.37,35.78,1754319,Polygon
19-10-2015,35.69,36.23,35.59,36.23,3685845,Polygon
20-10-2015,36.11,36.52,36.03,36.32,2635777,Polygon
21-10-2015,36.54,36.6,35.8,35.9,2886412,Polygon
22-10-2015,36.03,36.95,36,36.09,3696278,Polygon
23-10-2015,36.5,37.27,36.18,37.11,2732645,Polygon
26-10-2015,36.98,37.11,36.686,36.83,1948411,Polygon
27-10-2015,36.67,37.06,36.465,37.05,2557172,Polygon
28-10-2015,37.06,37.61,36.77,37.52,1780126,Polygon
29-10-2015,37.47,37.77,37.28,37.7,1352267,Polygon
30-10-2015,37.72,38.1,37.68,37.76,2194619,Polygon
02-11-2015,37.87,38.62,37.8,38.59,1810869,Polygon
03-11-2015,38.31,38.52,38.16,38.27,1485779,Polygon
04-11-2015,38.33,38.48,38,38.34,1569620,Polygon
05-11-2015,38.27,38.5,37.93,38.3,1419963,Polygon
06-11-2015,38.1,38.44,37.98,38.14,1964478,Polygon
09-11-2015,38.04,38.08,37.48,37.92,3109588,Polygon
10-11-2015,37.89,38.175,37.69,37.98,4339800,Polygon
11-11-2015,38.16,38.22,37.65,37.66,1969168,Polygon
12-11-2015,37.36,37.77,37.24,37.49,3096336,Polygon
13-11-2015,37.39,37.57,36.63,36.77,3335092,Polygon
16-11-2015,36.75,37.49,36.6,37.33,2490208,Polygon
17-11-2015,36.5,38.5,36.5,38.38,7679493,Polygon
18-11-2015,38.43,39.36,38.36,39.34,6589609,Polygon
19-11-2015,39.16,39.695,38.31,38.5,7275136,Polygon
20-11-2015,38.78,39.355,38.52,39.28,5447723,Polygon
23-11-2015,39.29,40.07,39.14,40.03,6474141,Polygon
24-11-2015,39.81,40.72,39.73,40.67,5669066,Polygon
25-11-2015,40.59,41.5,40.47,41.34,3797067,Polygon
27-11-2015,41.32,42.2,41.16,41.97,1935738,Polygon
30-11-2015,41.97,42.05,41.61,41.82,3208114,Polygon
01-12-2015,42.16,42.31,41.04,41.06,7989220,Polygon
02-12-2015,41.07,41.46,40.37,40.42,4713210,Polygon
03-12-2015,40.64,40.74,39.95,40.15,3314529,Polygon
04-12-2015,40.23,41.205,40.13,41.1,2519309,Polygon
07-12-2015,40.92,41.1,40.54,40.7,2004492,Polygon
08-12-2015,40.61,41.28,40.42,41.17,4331832,Polygon
09-12-2015,41.25,41.8,40.9125,40.98,4133291,Polygon
10-12-2015,40.96,41.66,40.65,41.25,3709240,Polygon
11-12-2015,40.75,40.75,40.055,40.19,2634362,Polygon
14-12-2015,40.22,40.54,39.9,40.25,2310538,Polygon
15-12-2015,40.75,41.1,40.56,40.81,2195375,Polygon
16-12-2015,41.01,41.57,40.67,41.43,2582642,Polygon
17-12-2015,41.55,41.63,40.77,40.78,2218837,Polygon
18-12-2015,40.56,40.7099,40.08,40.1,3364796,Polygon
21-12-2015,40.51,41.12,40.44,40.83,1735159,Polygon
22-12-2015,41.01,41.33,40.715,41.22,1643172,Polygon
23-12-2015,41.62,41.86,41.39,41.77,1510716,Polygon
24-12-2015,41.79,42.26,41.67,42.14,874549,Polygon
28-12-2015,42.02,42.08,41.52,41.78,1458242,Polygon
29-12-2015,42.08,42.48,41.9201,42.36,1757360,Polygon
30-12-2015,42.36,42.38,42.01,42.17,834358,Polygon
31-12-2015,41.9,42.35,41.715,41.81,1450968,Polygon
04-01-2016,41.06,41.19,40.34,40.69,3287335,Polygon
05-01-2016,40.73,40.95,40.34,40.55,2587246,Polygon
06-01-2016,40.24,40.99,40.05,40.73,2103619,Polygon
07-01-2016,40.14,40.15,38.81,39,3504314,Polygon
08-01-2016,39.22,39.705,38.465,38.59,3736768,Polygon
11-01-2016,38.71,38.9,37.41,37.94,2818611,Polygon
12-01-2016,38.43,38.58,37.6462,38.19,1989379,Polygon
13-01-2016,38.35,38.47,36.715,36.86,4206638,Polygon
14-01-2016,36.94,37.8799,36.55,37.61,2893372,Polygon
15-01-2016,36.67,37.56,36.55,37.11,2994386,Polygon
19-01-2016,37.64,37.92,36.79,37.2,2506559,Polygon
20-01-2016,36.68,37.61,36.13,37.26,2469088,Polygon
21-01-2016,37.35,37.83,36.81,37.23,2298372,Polygon
22-01-2016,37.91,38.18,37.58,37.98,1834467,Polygon
25-01-2016,37.4,38.03,37.4,37.61,1831240,Polygon
26-01-2016,37.89,37.96,37.36,37.51,1755032,Polygon
27-01-2016,37.39,37.92,36.81,37.05,1479446,Polygon
28-01-2016,37.27,37.27,36.01,36.11,3479452,Polygon
29-01-2016,36.44,37.69,36.31,37.65,2959863,Polygon
01-02-2016,37.37,37.945,37,37.69,2666567,Polygon
02-02-2016,37.18,37.55,36.95,37.07,1742325,Polygon
03-02-2016,37.27,37.36,36.29,37.19,2128426,Polygon
04-02-2016,37.15,37.79,36.97,37.42,2833492,Polygon
05-02-2016,37.26,37.31,35.83,36.04,4424609,Polygon
08-02-2016,35.61,35.78,34.39,34.8,3888601,Polygon
09-02-2016,34.21,35.77,34.15,35.37,3464464,Polygon
10-02-2016,35.63,36.73,35.53,35.85,3169951,Polygon
11-02-2016,35.12,35.61,34.935,35.33,3224004,Polygon
12-02-2016,35.84,36.23,35.52,36.22,3923627,Polygon
16-02-2016,36.72,37.17,36.4,37.08,2903649,Polygon
17-02-2016,35.22,38.13,34.75,37.87,5382312,Polygon
18-02-2016,37.73,37.96,37.09,37.19,2231481,Polygon
19-02-2016,36.98,37.6,36.85,37.44,2339426,Polygon
22-02-2016,37.88,38.19,37.78,38.03,1792962,Polygon
23-02-2016,37.64,37.96,36.95,37.17,1282290,Polygon
24-02-2016,36.65,37.5,36.47,37.48,1454952,Polygon
25-02-2016,37.62,37.71,36.96,37.63,1453515,Polygon
26-02-2016,37.75,37.92,37.44,37.59,944266,Polygon
29-02-2016,37.59,37.7,37.33,37.35,2187500,Polygon
01-03-2016,37.63,38.66,37.61,38.59,2760200,Polygon
02-03-2016,38.49,39.27,38.41,39.04,3612508,Polygon
03-03-2016,38.92,39.23,38.74,39.2,946823,Polygon
04-03-2016,39.14,39.58,39.03,39.34,1124968,Polygon
07-03-2016,39.04,39.68,38.96,39.43,1221574,Polygon
08-03-2016,38.97,39.13,38.01,38.09,1801486,Polygon
09-03-2016,38.31,38.4,37.96,38.13,1614633,Polygon
10-03-2016,38.17,38.51,37.62,37.98,1614998,Polygon
11-03-2016,38.43,39.272,38.32,39.23,1517348,Polygon
14-03-2016,38.98,39.17,38.41,39.02,929638,Polygon
15-03-2016,38.59,38.71,38.08,38.29,1059439,Polygon
16-03-2016,38.09,39.105,38.02,38.98,1956125,Polygon
17-03-2016,39.06,39.44,38.59,39.29,1895669,Polygon
18-03-2016,39.33,40.48,39.27,40.19,2504361,Polygon
21-03-2016,40.07,40.14,39.64,39.65,2172615,Polygon
22-03-2016,39.56,40.04,39.445,39.88,1552312,Polygon
23-03-2016,39.9,39.99,39.37,39.47,1554822,Polygon
24-03-2016,39.16,39.45,38.89,39.43,993627,Polygon
28-03-2016,39.54,39.75,39.14,39.52,1272724,Polygon
29-03-2016,39.35,40.22,39.11,40.16,1091198,Polygon
30-03-2016,40.36,40.58,39.89,40.12,783495,Polygon
31-03-2016,40.01,40.1,39.66,39.85,3143468,Polygon
01-04-2016,39.56,40.38,39.5,40.31,2857844,Polygon
04-04-2016,40.32,40.52,39.8,40.01,2958061,Polygon
05-04-2016,39.73,39.89,39.19,39.26,1900659,Polygon
06-04-2016,39.29,40.25,39.17,40.24,1566612,Polygon
07-04-2016,39.89,40.1,39.25,39.47,1373839,Polygon
08-04-2016,39.69,39.97,39.4,39.54,1106293,Polygon
11-04-2016,39.86,40,39.35,39.41,1049336,Polygon
12-04-2016,39.47,39.825,39.34,39.75,992495,Polygon
13-04-2016,39.52,41,39.5,40.69,2495340,Polygon
14-04-2016,40.86,41.08,40.53,40.78,1347753,Polygon
15-04-2016,40.77,40.95,40.625,40.91,1442264,Polygon
18-04-2016,40.72,41.45,40.61,41.31,1536678,Polygon
19-04-2016,41.18,41.74,41.13,41.4,1640774,Polygon
20-04-2016,41.42,41.68,41.3,41.52,1243893,Polygon
21-04-2016,41.5,41.995,41.42,41.93,1670389,Polygon
22-04-2016,41.98,41.98,41.55,41.8,1396272,Polygon
25-04-2016,41.71,41.86,41.53,41.63,1500449,Polygon
26-04-2016,41.82,41.88,41.26,41.32,1868970,Polygon
27-04-2016,41.35,41.75,41.04,41.58,1189462,Polygon
28-04-2016,41.25,41.775,41.06,41.18,1549792,Polygon
29-04-2016,40.92,41.04,40.26,40.92,2028332,Polygon
02-05-2016,41.2,41.75,41.13,41.71,1285318,Polygon
03-05-2016,41.32,41.49,40.91,41.24,1333991,Polygon
04-05-2016,40.81,41.2,40.39,40.52,1602991,Polygon
05-05-2016,40.64,41.03,40.51,40.96,1083956,Polygon
06-05-2016,40.86,41.62,40.72,41.43,1403483,Polygon
09-05-2016,41.51,41.78,41.29,41.33,1741539,Polygon
10-05-2016,41.5,42,41.35,42,2094305,Polygon
11-05-2016,42.19,43.2,42.12,42.46,3328961,Polygon
12-05-2016,42.59,42.94,42.42,42.73,2504924,Polygon
13-05-2016,42.55,42.93,42.39,42.62,2430565,Polygon
16-05-2016,42.61,43.07,42.5,42.94,3979321,Polygon
17-05-2016,44.96,45.34,43.63,44.41,7130371,Polygon
18-05-2016,44.45,44.74,43.99,44.32,3476470,Polygon
19-05-2016,44.07,44.82,43.975,44.56,3660160,Polygon
20-05-2016,44.86,45.22,44.69,44.89,2567686,Polygon
23-05-2016,44.89,44.96,44.53,44.57,1689755,Polygon
24-05-2016,44.76,45.29,44.7,45.03,3236305,Polygon
25-05-2016,45.12,45.61,45.12,45.42,2352424,Polygon
26-05-2016,45.58,45.6,45.2,45.51,2569626,Polygon
27-05-2016,45.55,45.85,45.37,45.82,1823120,Polygon
31-05-2016,45.79,46,45.575,45.89,2256373,Polygon
01-06-2016,45.75,46.095,45.45,45.95,1734386,Polygon
02-06-2016,45.91,46.15,45.82,45.9,2209387,Polygon
03-06-2016,45.73,45.85,45.19,45.72,2395816,Polygon
06-06-2016,45.72,46.01,45.72,45.86,2359193,Polygon
07-06-2016,45.81,45.95,45.6099,45.75,1500872,Polygon
08-06-2016,45.75,46.18,45.71,46.15,1552146,Polygon
09-06-2016,45.98,46.18,45.88,46.09,1204415,Polygon
10-06-2016,45.73,45.78,45.19,45.36,1261698,Polygon
13-06-2016,45.32,45.52,44.905,44.92,1272833,Polygon
14-06-2016,44.7,44.945,44.56,44.91,1624087,Polygon
15-06-2016,45.11,45.38,44.9,44.94,2029194,Polygon
16-06-2016,44.72,45.425,44.585,45.37,1784741,Polygon
17-06-2016,45.42,45.42,44.87,45.36,3434813,Polygon
20-06-2016,45.57,46.35,45.57,46.14,3161329,Polygon
21-06-2016,46.21,46.33,45.76,46.16,2112964,Polygon
22-06-2016,46.15,46.47,45.945,46.03,2412064,Polygon
23-06-2016,46.5,46.68,46.39,46.68,1487938,Polygon
24-06-2016,44.56,45.065,43.92,44.12,5263644,Polygon
27-06-2016,43.63,43.71,41.98,42.26,4328364,Polygon
28-06-2016,42.67,43.11,42.155,43.11,4300845,Polygon
29-06-2016,43.55,43.98,43.19,43.76,2402578,Polygon
30-06-2016,43.68,44.4,43.59,44.36,2181066,Polygon
01-07-2016,44.36,44.8,44.31,44.6,1591476,Polygon
05-07-2016,44.31,44.35,43.63,43.75,1813468,Polygon
06-07-2016,43.65,44.55,43.36,44.47,2312133,Polygon
07-07-2016,44.47,44.74,44.18,44.42,1861536,Polygon
08-07-2016,44.86,45.55,44.86,45.48,1838137,Polygon
11-07-2016,45.61,45.77,45.35,45.4,1094683,Polygon
12-07-2016,45.77,46.66,45.64,46.53,2237748,Polygon
13-07-2016,46.64,46.82,46.325,46.41,1852475,Polygon
14-07-2016,46.86,46.98,46.69,46.8,1192500,Polygon
15-07-2016,46.96,46.96,46.55,46.67,1202638,Polygon
18-07-2016,46.6,46.875,46.341,46.8,1362884,Polygon
19-07-2016,46.67,47,46.49,46.98,2583860,Polygon
20-07-2016,46.96,47.18,46.82,47.01,2124914,Polygon
21-07-2016,46.98,47.14,46.465,46.67,1226365,Polygon
22-07-2016,46.72,46.79,46.42,46.58,1512440,Polygon
25-07-2016,46.49,46.52,45.92,46.14,1720649,Polygon
26-07-2016,46.21,46.95,45.79,46.95,1792674,Polygon
27-07-2016,47,47.46,46.73,47.26,1572573,Polygon
28-07-2016,47.19,47.75,47.02,47.51,1945517,Polygon
29-07-2016,47.49,48.175,47.36,48.11,1881372,Polygon
01-08-2016,48.11,48.11,47.62,47.87,1604639,Polygon
02-08-2016,47.71,47.75,46.97,47.18,1595948,Polygon
03-08-2016,47.1,47.18,46.9,47.09,1508868,Polygon
04-08-2016,47.16,47.33,46.74,46.83,1700182,Polygon
05-08-2016,47.1,47.54,47.1,47.49,1250805,Polygon
08-08-2016,47.57,47.67,47.14,47.23,1311724,Polygon
09-08-2016,47.11,47.625,47.11,47.45,1006170,Polygon
10-08-2016,47.51,47.58,47.21,47.51,754137,Polygon
11-08-2016,47.62,48.19,47.47,48.13,1377024,Polygon
12-08-2016,47.97,48.195,47.7,48.14,1538976,Polygon
15-08-2016,48.17,48.62,48.12,48.44,2323589,Polygon
16-08-2016,48.27,48.54,48.117,48.28,3175994,Polygon
17-08-2016,48.63,48.63,48.08,48.43,3154934,Polygon
18-08-2016,46.88,47.34,46.09,46.72,4660295,Polygon
19-08-2016,46.58,47.79,46.57,47.62,3340438,Polygon
22-08-2016,47.63,47.848,47.38,47.58,1626833,Polygon
23-08-2016,47.73,48.085,47.68,47.82,1645348,Polygon
24-08-2016,47.74,47.82,46.63,46.7,2634707,Polygon
25-08-2016,46.67,47.42,46.61,47.26,2160074,Polygon
26-08-2016,47.41,47.79,47.07,47.32,1581245,Polygon
29-08-2016,47.45,47.89,47.31,47.62,1332975,Polygon
30-08-2016,47.66,47.81,47.08,47.14,2231203,Polygon
31-08-2016,47.12,47.19,46.8075,46.98,1676587,Polygon
01-09-2016,47.03,47.22,46.8075,46.99,1257886,Polygon
02-09-2016,47.23,47.39,46.89,47,1424454,Polygon
06-09-2016,46.9,47.11,46.72,46.95,1460928,Polygon
07-09-2016,47.07,47.17,46.86,47.11,1542576,Polygon
08-09-2016,47.07,47.16,46.94,47.02,884738,Polygon
09-09-2016,46.51,46.53,44.87,44.88,2507018,Polygon
12-09-2016,44.59,45.81,44.47,45.75,1835434,Polygon
13-09-2016,45.36,45.42,44.61,44.9,3461832,Polygon
14-09-2016,45.01,45.1,44.6,44.86,1604806,Polygon
15-09-2016,44.86,45.68,44.81,45.44,1733971,Polygon
16-09-2016,45.39,45.39,44.74,44.79,2592850,Polygon
19-09-2016,44.9,45.48,44.86,44.95,1927900,Polygon
20-09-2016,45.33,45.95,45.15,45.71,2333122,Polygon
21-09-2016,45.98,46.25,45.41,46.04,1612736,Polygon
22-09-2016,46.38,46.7,46.29,46.67,1307074,Polygon
23-09-2016,46.43,46.87,46.31,46.61,1957032,Polygon
26-09-2016,46.46,46.77,46.16,46.57,2639060,Polygon
27-09-2016,46.53,46.71,46.23,46.7,1587143,Polygon
28-09-2016,46.9,47.26,46.52,47.18,1502533,Polygon
29-09-2016,47.05,47.27,46.14,46.41,1938218,Polygon
30-09-2016,46.5,47.315,46.3,47.09,1754316,Polygon
03-10-2016,46.82,47.23,46.82,47.14,1539625,Polygon
04-10-2016,47.07,47.3,46.67,46.83,1763985,Polygon
05-10-2016,47.04,47.31,46.9275,47.15,1432268,Polygon
06-10-2016,47.01,47.43,46.88,47.3,1772801,Polygon
07-10-2016,47.33,47.49,46.99,47.38,1663127,Polygon
10-10-2016,47.58,48.15,47.55,47.69,1544958,Polygon
11-10-2016,47.19,47.19,45.42,45.69,2912537,Polygon
12-10-2016,45.78,45.815,45.42,45.47,1736076,Polygon
13-10-2016,44.84,45.32,44.755,45.16,1336023,Polygon
14-10-2016,45.38,45.62,45.08,45.08,997137,Polygon
17-10-2016,45.08,45.47,44.9999,45.15,1160321,Polygon
18-10-2016,45.7,45.83,45.27,45.44,1949108,Polygon
19-10-2016,45.41,46.15,45.34,46.02,1769090,Polygon
20-10-2016,46,46.215,45.65,46.05,1493608,Polygon
21-10-2016,45.67,45.67,45.29,45.57,1011340,Polygon
24-10-2016,45.88,45.95,45.64,45.85,1666388,Polygon
25-10-2016,45.26,45.59,43.17,43.51,3949609,Polygon
26-10-2016,43.42,43.82,43.24,43.37,2146178,Polygon
27-10-2016,43.97,44.19,43.35,43.38,2393625,Polygon
28-10-2016,43.38,43.87,43.11,43.22,1471348,Polygon
31-10-2016,43.33,43.7,43.18,43.57,1556762,Polygon
01-11-2016,43.73,44.11,43.14,43.49,2133116,Polygon
02-11-2016,43.47,43.73,43.24,43.26,2240428,Polygon
03-11-2016,43.33,44,43.18,43.66,2510054,Polygon
04-11-2016,43.69,44.915,43.69,44.32,2220908,Polygon
07-11-2016,44.99,45.76,44.95,45.71,1723957,Polygon
08-11-2016,45.48,45.9599,45.32,45.62,2136740,Polygon
09-11-2016,45.41,46.09,44.49,45.94,3501243,Polygon
10-11-2016,46.6,47.38,46.34,47.03,2558722,Polygon
11-11-2016,46.77,46.87,46.21,46.37,2219255,Polygon
14-11-2016,46.66,46.73,45.18,45.33,3443200,Polygon
15-11-2016,45.33,46,44.95,45.4,4710170,Polygon
16-11-2016,46.3,47.8,46.15,46.18,4026754,Polygon
17-11-2016,46.16,46.16,45.55,45.94,2070609,Polygon
18-11-2016,45.91,46.2,45.01,45.04,3148538,Polygon
21-11-2016,45.22,45.24,44.65,44.97,2540067,Polygon
22-11-2016,44.94,45.16,43.77,44.46,2831226,Polygon
23-11-2016,44.18,44.78,43.97,44.65,1926275,Polygon
25-11-2016,44.74,45.005,44.62,44.89,877140,Polygon
28-11-2016,44.52,44.69,43.58,43.6,2241795,Polygon
29-11-2016,43.6,44.63,43.52,44.48,1952118,Polygon
30-11-2016,44.79,44.9,43.94,43.98,2238575,Polygon
01-12-2016,44.08,44.1,42.92,43.21,2823273,Polygon
02-12-2016,43.27,44.09,43.27,44.03,2153515,Polygon
05-12-2016,44.21,44.69,44.21,44.53,2495020,Polygon
06-12-2016,44.58,44.9,44.2,44.84,1136658,Polygon
07-12-2016,44.56,44.99,44.11,44.99,1815238,Polygon
08-12-2016,44.99,45.83,44.77,45.8,1848936,Polygon
09-12-2016,45.91,46.32,45.85,46.3,1937622,Polygon
12-12-2016,46.18,46.75,46.11,46.14,1851517,Polygon
13-12-2016,46.31,46.61,46.16,46.39,1734678,Polygon
14-12-2016,46.43,46.79,46,46.14,2044052,Polygon
15-12-2016,46.08,46.77,45.9201,46.56,1338905,Polygon
16-12-2016,46.61,46.92,45.81,45.91,2103155,Polygon
19-12-2016,45.89,46.22,45.36,45.43,1084164,Polygon
20-12-2016,45.75,46.31,45.54,46.21,1552366,Polygon
21-12-2016,46.21,46.36,45.86,46.04,1652288,Polygon
22-12-2016,45.93,46.13,45.8,45.97,968296,Polygon
23-12-2016,46.08,46.23,45.93,46.2,727682,Polygon
27-12-2016,46.37,46.655,46.32,46.51,1535489,Polygon
28-12-2016,46.51,46.7,45.68,45.72,1177275,Polygon
29-12-2016,45.68,46,45.57,45.64,891398,Polygon
30-12-2016,45.76,45.82,45.375,45.56,1216100,Polygon
03-01-2017,45.93,46.75,45.74,46.49,1739726,Polygon
04-01-2017,46.93,47.38,46.8162,47.1,1821264,Polygon
05-01-2017,47.05,47.07,46.355,46.54,1503763,Polygon
06-01-2017,46.63,48.07,46.56,47.99,2883483,Polygon
09-01-2017,48.01,48.555,47.905,48.14,2575328,Polygon
10-01-2017,48.34,48.54,47.82,48.1,1560549,Polygon
11-01-2017,48.03,49.48,47.95,49.25,5624332,Polygon
12-01-2017,48.9,48.9,47.98,48.52,3276952,Polygon
13-01-2017,48.6,48.85,48.41,48.69,1568923,Polygon
17-01-2017,48.37,48.715,48.175,48.32,1939449,Polygon
18-01-2017,48.67,48.73,48,48.25,1523508,Polygon
19-01-2017,48.04,48.09,47.51,47.64,1346142,Polygon
20-01-2017,47.83,47.93,47.4139,47.62,1701695,Polygon
23-01-2017,47.6,47.83,47.23,47.39,2013878,Polygon
24-01-2017,47.77,48.21,47.05,47.35,2741915,Polygon
25-01-2017,47.6,48.42,47.41,48.41,3073228,Polygon
26-01-2017,48.42,48.43,47.915,48.17,1895562,Polygon
27-01-2017,48.32,48.825,48.3,48.65,1527822,Polygon
30-01-2017,48.48,48.55,47.385,47.67,2266487,Polygon
31-01-2017,48.04,49.145,48.01,48.97,2552612,Polygon
01-02-2017,48.93,49.81,48.68,49.26,2244604,Polygon
02-02-2017,48.88,49,48.47,48.9,1352525,Polygon
03-02-2017,49.09,49.47,49.06,49.38,1191855,Polygon
06-02-2017,49.13,49.38,48.96,49.27,952095,Polygon
07-02-2017,49.42,49.78,49.26,49.64,2170720,Polygon
08-02-2017,49.37,50.03,49.23,49.93,2107079,Polygon
09-02-2017,50.1,50.8,50,50.47,2557747,Polygon
10-02-2017,50.51,50.59,50.02,50.36,2092479,Polygon
13-02-2017,50.63,50.89,50.42,50.52,1568350,Polygon
14-02-2017,50.24,50.68,50.09,50.39,3546878,Polygon
15-02-2017,51.14,51.84,50.62,51.62,5724488,Polygon
16-02-2017,51.68,51.68,50.56,50.84,2550439,Polygon
17-02-2017,50.65,51.64,50.58,51.63,2195788,Polygon
21-02-2017,51.66,51.8,51.17,51.35,2036993,Polygon
22-02-2017,51.31,51.723,51.19,51.34,1632886,Polygon
23-02-2017,51.44,51.6,51.2,51.47,1006867,Polygon
24-02-2017,51.38,51.83,51.33,51.74,1612698,Polygon
27-02-2017,51.74,51.94,51.46,51.66,1195138,Polygon
28-02-2017,51.52,51.65,51.23,51.3,1417772,Polygon
01-03-2017,51.62,52.26,51.62,52.04,2026600,Polygon
02-03-2017,52.04,52.08,51.33,51.38,1706500,Polygon
03-03-2017,51.38,52.04,51.15,51.98,1824423,Polygon
06-03-2017,51.64,51.82,51.175,51.25,1884477,Polygon
07-03-2017,51.06,51.445,50.86,51.21,2233561,Polygon
08-03-2017,51.26,51.565,50.95,51.41,1517642,Polygon
09-03-2017,51.42,51.58,51.13,51.43,1259407,Polygon
10-03-2017,51.69,52.355,51.48,52.15,1860508,Polygon
13-03-2017,52.14,52.46,51.99,52.45,1376191,Polygon
14-03-2017,52.24,52.26,51.96,52.21,1203368,Polygon
15-03-2017,53.31,54.82,53.02,54.1,4117983,Polygon
16-03-2017,53.43,54.05,52.83,53.05,2676915,Polygon
17-03-2017,53.06,53.53,52.92,53.31,1936902,Polygon
20-03-2017,53.33,53.63,53,53.15,1221409,Polygon
21-03-2017,53.28,53.7335,52.48,52.66,1492698,Polygon
22-03-2017,52.79,53.47,52.65,53.13,1257072,Polygon
23-03-2017,53.04,53.78,52.72,53.18,1717929,Polygon
24-03-2017,54.05,54.05,52.84,53.08,2015289,Polygon
27-03-2017,52.6,53.34,52.42,53.24,1446568,Polygon
28-03-2017,53.29,53.61,53.095,53.44,1312688,Polygon
29-03-2017,53.26,53.42,52.78,53.12,1469882,Polygon
30-03-2017,53.06,53.425,52.9,53.32,1627592,Polygon
31-03-2017,53.07,53.23,52.81,52.87,1705625,Polygon
03-04-2017,52.9,53.21,52.73,53.2,1550227,Polygon
04-04-2017,53.2,53.24,52.48,52.62,2017094,Polygon
05-04-2017,52.72,53.22,52.695,52.71,1778251,Polygon
06-04-2017,52.7,53.23,52.26,53.15,1548170,Polygon
07-04-2017,53.07,53.07,52.7,52.84,1243550,Polygon
10-04-2017,52.9,53.26,52.68,52.72,1025248,Polygon
11-04-2017,52.7,52.9,52.37,52.83,1520703,Polygon
12-04-2017,52.85,53.03,52.47,52.55,1258152,Polygon
13-04-2017,52.43,52.74,52.31,52.33,863990,Polygon
17-04-2017,52.63,53.705,52.43,53.46,1569436,Polygon
18-04-2017,53.02,53.6,52.68,53.03,1241164,Polygon
19-04-2017,53.35,53.42,52.95,53.07,2096351,Polygon
20-04-2017,53.33,53.4,52.79,53.13,1569985,Polygon
21-04-2017,53.26,53.39,52.8399,53.27,2189351,Polygon
24-04-2017,53.93,54.525,53.91,54.44,2257682,Polygon
25-04-2017,54.75,55.19,54.51,54.81,2181857,Polygon
26-04-2017,55,55.33,54.805,54.83,1834961,Polygon
27-04-2017,54.93,55.505,54.83,55.43,1529024,Polygon
28-04-2017,55.31,55.35,54.835,55.05,3078163,Polygon
01-05-2017,55.5,55.99,55.36,55.8,1897018,Polygon
02-05-2017,55.85,55.97,55.51,55.93,1693069,Polygon
03-05-2017,55.68,56.2575,55.61,56.16,1702565,Polygon
04-05-2017,56.2,56.75,56.16,56.7,2615560,Polygon
05-05-2017,56.85,56.96,56.59,56.64,1571536,Polygon
08-05-2017,56.65,56.82,55.93,56.32,2189984,Polygon
09-05-2017,56.42,56.89,56.29,56.87,1559975,Polygon
10-05-2017,56.85,56.94,56.08,56.27,1566289,Polygon
11-05-2017,56.13,56.38,55.8,56.23,1347633,Polygon
12-05-2017,56.16,56.4,55.96,56.16,1578292,Polygon
15-05-2017,56.07,56.76,56.01,56.7,1472226,Polygon
16-05-2017,58.38,58.38,56.45,56.83,1032600,Polygon
17-05-2017,56.31,56.37,55.67,55.77,1839737,Polygon
18-05-2017,55.9,56.27,55.6,55.85,1934996,Polygon
19-05-2017,56.09,56.32,55.86,56.13,1654441,Polygon
22-05-2017,56.52,56.52,55.85,56.08,4264780,Polygon
23-05-2017,59.8,59.98,58,58.66,7510578,Polygon
24-05-2017,58.5,59.34,58.0725,59.23,4105470,Polygon
25-05-2017,59.53,59.7,58.92,59.3,2772812,Polygon
26-05-2017,59.23,59.72,59.041,59.51,1535237,Polygon
30-05-2017,59.54,60.48,59.41,60.37,2576416,Polygon
31-05-2017,59.45,60.81,59.45,60.34,2552411,Polygon
01-06-2017,60.01,60.77,59.81,60.73,2100441,Polygon
02-06-2017,60.8,61.15,60.76,60.81,1666245,Polygon
05-06-2017,60.8,60.84,60.33,60.4,1473282,Polygon
06-06-2017,60.14,60.545,60.1,60.1,1968022,Polygon
07-06-2017,60.26,60.765,59.98,60.63,1617604,Polygon
08-06-2017,60.62,60.725,59.71,60.15,3486602,Polygon
09-06-2017,60.31,60.45,59.13,59.21,2352814,Polygon
12-06-2017,59.14,59.41,57.92,58.99,2579658,Polygon
13-06-2017,59.07,59.64,58.93,59.28,1527210,Polygon
14-06-2017,59.54,59.78,59.05,59.38,1203468,Polygon
15-06-2017,59.22,59.29,58.82,59.21,1092596,Polygon
16-06-2017,59.37,59.79,59.235,59.51,2157514,Polygon
19-06-2017,59.58,60.67,59.58,60.55,2383659,Polygon
20-06-2017,60.55,60.92,60.295,60.33,1821710,Polygon
21-06-2017,60.31,60.53,59.67,59.79,2247944,Polygon
22-06-2017,59.94,60.8,59.61,60.61,3473861,Polygon
23-06-2017,60.59,60.59,59.5001,59.77,2879785,Polygon
26-06-2017,59.79,59.95,59.15,59.24,1535542,Polygon
27-06-2017,59.13,59.57,58.84,58.88,1060391,Polygon
28-06-2017,59.27,59.7,59.2,59.4,1191537,Polygon
29-06-2017,59.35,59.63,58.49,58.8,1357538,Polygon
30-06-2017,59,59.57,58.835,59.31,1593786,Polygon
03-07-2017,59.59,59.98,59.13,59.13,1489574,Polygon
05-07-2017,59.19,60.05,59.19,59.77,1638980,Polygon
06-07-2017,59.46,59.77,59.07,59.22,2249516,Polygon
07-07-2017,59.53,60.07,59.33,59.63,965439,Polygon
10-07-2017,59.48,60.045,59.38,59.86,1146033,Polygon
11-07-2017,59.99,60.16,59.46,59.8,2976519,Polygon
12-07-2017,60.33,60.99,60.16,60.73,1439395,Polygon
13-07-2017,61.25,61.31,60.67,61.19,2060109,Polygon
14-07-2017,61.28,61.655,60.915,61.52,1286073,Polygon
17-07-2017,61.6,61.84,61.4,61.55,1332751,Polygon
18-07-2017,61.43,61.54,60.95,61.21,1520122,Polygon
19-07-2017,61.32,61.64,61.17,61.38,1512177,Polygon
20-07-2017,61.45,61.55,60.81,60.98,2009405,Polygon
21-07-2017,60.83,61.6,60.76,61.37,1283236,Polygon
24-07-2017,61.38,61.58,61.25,61.5,973808,Polygon
25-07-2017,61.57,61.66,60.38,60.54,1691988,Polygon
26-07-2017,60.58,60.81,59.39,59.72,2520698,Polygon
27-07-2017,59.82,60.24,59.6,59.91,1944962,Polygon
28-07-2017,59.91,60.23,59.61,60.08,1236434,Polygon
31-07-2017,60.32,60.62,59.76,59.79,1043729,Polygon
01-08-2017,60.04,60.2899,59.805,59.94,1324251,Polygon
02-08-2017,60,60.33,59.52,60.2,1121566,Polygon
03-08-2017,60.15,60.44,59.97,60.37,983246,Polygon
04-08-2017,60.52,60.74,60.01,60.13,778762,Polygon
07-08-2017,60.16,60.89,60.005,60.87,975738,Polygon
08-08-2017,60.67,60.98,60.08,60.14,1162440,Polygon
09-08-2017,60.07,60.23,59.38,59.68,1965048,Polygon
10-08-2017,59.35,59.5,58.22,58.57,2471473,Polygon
11-08-2017,58.7,59.7,58.69,59.33,1511552,Polygon
14-08-2017,59.8,60.04,59.55,59.62,2409765,Polygon
15-08-2017,59.7,59.88,59.11,59.38,2933295,Polygon
16-08-2017,62.15,62.42,60.76,62.14,6892023,Polygon
17-08-2017,62,62.07,60.78,60.86,3501640,Polygon
18-08-2017,60.76,61.72,60.28,61.25,2357872,Polygon
21-08-2017,61.09,62,60.96,61.74,1486144,Polygon
22-08-2017,61.87,63.02,61.85,62.96,1666369,Polygon
23-08-2017,62.72,63.365,62.6,62.77,1445677,Polygon
24-08-2017,62.87,63.15,62.35,62.68,1584503,Polygon
25-08-2017,63.06,63.14,62.67,62.9,1352761,Polygon
28-08-2017,63.1,63.575,62.97,63.46,1290434,Polygon
29-08-2017,63.04,63.63,63.021,63.49,1206649,Polygon
30-08-2017,63.4,63.93,63.39,63.9,1072530,Polygon
31-08-2017,64,64.83,63.9,64.72,1930071,Polygon
01-09-2017,64.9,65.18,64.21,64.38,1224667,Polygon
05-09-2017,64.02,64.48,63.81,64.29,910613,Polygon
06-09-2017,64.56,64.81,64.05,64.71,974511,Polygon
07-09-2017,64.85,65.245,64.49,65.14,1075757,Polygon
08-09-2017,65.15,65.68,64.83,65.02,1588439,Polygon
11-09-2017,65.5,66.27,65.38,66.11,1770025,Polygon
12-09-2017,66.27,66.42,65.89,66.14,1082149,Polygon
13-09-2017,65.91,66.22,65.41,65.44,2042563,Polygon
14-09-2017,65.31,65.87,65.16,65.68,1481022,Polygon
15-09-2017,65.68,66.13,65.62,65.96,2295974,Polygon
18-09-2017,66.09,66.3,65.7,66.08,1562007,Polygon
19-09-2017,66.25,66.45,66,66.17,1238004,Polygon
20-09-2017,66.31,66.36,65.77,66.09,1186007,Polygon
21-09-2017,65.88,66.14,65.63,65.92,874785,Polygon
22-09-2017,65.85,66.27,65.71,65.78,1296244,Polygon
25-09-2017,65.8,65.9,64.44,64.73,1841833,Polygon
26-09-2017,64.65,64.9,63.91,64.11,1615338,Polygon
27-09-2017,64.27,64.66,64.05,64.39,1272526,Polygon
28-09-2017,64.25,64.62,63.97,63.98,1126243,Polygon
29-09-2017,64,64.275,63.72,64.2,1672816,Polygon
02-10-2017,64.29,65.07,64.21,64.87,1693854,Polygon
03-10-2017,65.06,65.78,65.06,65.15,1216981,Polygon
04-10-2017,65.15,65.87,65.15,65.83,745628,Polygon
05-10-2017,65.85,65.99,65.52,65.7,1974081,Polygon
06-10-2017,65.68,66.38,65.66,66.36,1405100,Polygon
09-10-2017,66.49,66.77,66.02,66.56,1542307,Polygon
10-10-2017,66.68,66.86,66.22,66.6,1143075,Polygon
11-10-2017,66.68,66.97,66.34,66.62,1794800,Polygon
12-10-2017,66.65,67.6,66.54,67.54,1454994,Polygon
13-10-2017,67.63,67.82,66.89,66.99,943164,Polygon
16-10-2017,67.2,67.37,66.77,66.91,1473459,Polygon
17-10-2017,66.68,66.68,65.99,66.12,1711833,Polygon
18-10-2017,66.38,66.585,66.07,66.44,1150468,Polygon
19-10-2017,66.44,66.975,66.06,66.88,1359119,Polygon
20-10-2017,67.19,67.53,67.07,67.25,1506112,Polygon
23-10-2017,67.45,67.68,66.93,67.02,1267570,Polygon
24-10-2017,67.31,67.55,66.88,67.32,1975704,Polygon
25-10-2017,67.9,68.52,67.03,67.39,1590537,Polygon
26-10-2017,67.53,67.83,67.2,67.71,1418152,Polygon
27-10-2017,67.81,68.01,67.41,67.97,1440996,Polygon
30-10-2017,67.8,67.93,67.1,67.49,846605,Polygon
31-10-2017,67.74,68.17,67.54,68.03,1614432,Polygon
01-11-2017,68.2,68.44,67.84,68.02,1357998,Polygon
02-11-2017,68.08,68.38,67.81,68.13,1856865,Polygon
03-11-2017,68.09,68.67,68.01,68.37,1072288,Polygon
06-11-2017,68.27,68.45,67.87,68.22,995731,Polygon
07-11-2017,68.32,68.64,68.04,68.25,956466,Polygon
08-11-2017,68.1,68.33,67.771,68.11,977616,Polygon
09-11-2017,67.92,67.98,66.91,67.47,1665042,Polygon
10-11-2017,69.22,69.49,69.17,69.31,1439275,Polygon
13-11-2017,66.45,67.39,66.25,67.13,1536388,Polygon
14-11-2017,66.98,67.8,66.89,67.46,2426247,Polygon
15-11-2017,67.29,67.56,66.91,67.31,2042296,Polygon
16-11-2017,67.5,68.95,67.45,68.74,2300408,Polygon
17-11-2017,68.53,69.09,68.29,68.79,1823122,Polygon
20-11-2017,69.28,70.23,68.95,69.96,4143453,Polygon
21-11-2017,70.05,70.81,67.7,69.91,5330554,Polygon
22-11-2017,69.14,69.37,68.3,68.69,3041728,Polygon
24-11-2017,68.84,69.39,68.78,69.36,1015411,Polygon
27-11-2017,69.22,69.49,69.17,69.31,1439275,Polygon
28-11-2017,69.56,70.93,69.42,70.59,2473433,Polygon
29-11-2017,70.5,70.84,68.45,68.69,1904175,Polygon
30-11-2017,68.97,69.59,68.21,69.24,1922514,Polygon
01-12-2017,69.19,70,67.23,68.69,2516564,Polygon
04-12-2017,68.94,69.17,66.18,66.24,2899424,Polygon
05-12-2017,66.2,67,65.73,65.83,2383974,Polygon
06-12-2017,65.88,66.25,65.601,65.89,1690108,Polygon
07-12-2017,65.91,66.8811,65.77,66.71,2294513,Polygon
08-12-2017,66.94,67.5468,66.6523,67.38,2195577,Polygon
11-12-2017,67.43,67.75,66.48,67,2438556,Polygon
12-12-2017,67,67.16,66.5,67.06,2180984,Polygon
13-12-2017,67.23,67.66,66.64,66.68,1684618,Polygon
14-12-2017,66.93,67.09,66.37,66.51,1774564,Polygon
15-12-2017,66.88,67.86,66.69,67.61,2871925,Polygon
18-12-2017,68.24,68.51,67.48,67.66,2306264,Polygon
19-12-2017,67.71,68.05,67.49,67.75,1469439,Polygon
20-12-2017,68.04,68.14,67.16,67.4,1363529,Polygon
21-12-2017,67.58,67.87,67.2679,67.52,1502218,Polygon
22-12-2017,67.46,67.5399,66.86,67.35,1221315,Polygon
26-12-2017,67.31,67.45,67.05,67.25,532863,Polygon
27-12-2017,67.21,67.46,67.15,67.3,1038585,Polygon
28-12-2017,67.44,67.48,67.02,67.45,607022,Polygon
29-12-2017,67.5,67.58,66.93,66.97,1064895,Polygon
02-01-2018,67.42,67.89,67.34,67.6,1047830,Polygon
03-01-2018,67.62,69.49,67.6,69.32,1698899,Polygon
04-01-2018,69.54,69.82,68.78,68.8,2231534,Polygon
05-01-2018,68.73,70.1,68.73,69.9,1632512,Polygon
08-01-2018,69.73,70.33,69.545,70.05,1613911,Polygon
09-01-2018,70.68,72.33,70.17,71.77,2666711,Polygon
10-01-2018,71.45,71.45,70.11,70.79,2957184,Polygon
11-01-2018,70.92,71.18,70.3,70.8,1511134,Polygon
12-01-2018,70.73,71.86,70.5,71.73,1448155,Polygon
16-01-2018,72.02,72.47,71.06,71.23,1703398,Polygon
17-01-2018,71.72,72.31,71.59,72.06,1824511,Polygon
18-01-2018,72.2,72.5,71.67,72.19,1828309,Polygon
19-01-2018,72.48,73.215,72.06,73.07,2266103,Polygon
22-01-2018,73.17,73.55,72.6,73.48,1963669,Polygon
23-01-2018,74.05,74.075,73.25,73.44,1213446,Polygon
24-01-2018,73.66,73.86,73.05,73.58,1754331,Polygon
25-01-2018,74.17,74.49,73.65,73.86,1664109,Polygon
26-01-2018,74.3,74.83,73.59,74.82,2386914,Polygon
29-01-2018,74.48,75,74.3,74.53,1321854,Polygon
30-01-2018,73.99,74.08,72.93,72.99,1816966,Polygon
31-01-2018,73.77,74.39,73.24,73.43,2032808,Polygon
01-02-2018,73.18,73.78,72.51,72.83,2008177,Polygon
02-02-2018,72.32,72.76,71.22,71.25,1955697,Polygon
05-02-2018,70.86,71.48,68.18,68.22,2860726,Polygon
06-02-2018,66.96,68.83,66.13,68.45,4121239,Polygon
07-02-2018,68.19,69.085,67.905,68.06,1988391,Polygon
